Unnamed: 0,NAME,total_renter_households,30_to_34pct,35_to_39pct,40_to_49pct,50pct_plus,median_gross_rent,median_household_income,msa_code,cost_burdened,severely_burdened,pct_cost_burden,pct_severely_burdened,metro,state,burden_category,cbsa_num,fmr_2br,cbsacode18,WRLURI18,num_municipalities,welfare_loss_index,welfare_loss_score,zoning_tax,zoning_tax_pct,log_renters,predicted_burden,residual
1,"Akron, OH Metro Area",94274,8045,4959,7312,21628,962,68647,10420,41944,21628,44.49,22.94,"Akron, OH",OH,High (40-49%),10420.0,890.0,10420.0,-0.56695074,8,19.490000000000002,56.76,72.0,8.09,11.453960714804323,45.42,-0.93
2,"Albany, GA Metro Area",24683,1683,1434,1492,6885,912,53173,10500,11494,6885,46.57,27.89,"Albany, GA",GA,High (40-49%),10500.0,810.0,10500.0,-1.5246153,2,21.57,62.81,102.0,12.59,10.113870026547724,49.64,-3.07
3,"Albany-Lebanon, OR Metro Area",16499,1470,1149,1607,3479,1160,69523,10540,7705,3479,46.7,21.09,"Albany-Lebanon, OR",OR,High (40-49%),10540.0,1138.0,10540.0,0.30459246,3,21.700000000000003,63.19,22.0,1.93,9.711055051991444,43.34,3.36
4,"Albany-Schenectady-Troy, NY Metro Area",135406,10442,6812,10240,30101,1181,83360,10580,57595,30101,42.54,22.23,"Albany-Schenectady-Troy, NY",NY,High (40-49%),10580.0,1207.0,10580.0,0.32127252,10,17.54,51.08,-26.0,-2.15,11.816032951624747,45.31,-2.77
5,"Albuquerque, NM Metro Area",118861,9544,7849,10090,28712,1035,63971,10740,56195,28712,47.28,24.16,"Albuquerque, NM",NM,High (40-49%),10740.0,996.0,10740.0,0.83720124,2,22.28,64.88,39.0,3.92,11.685710022144557,47.58,-0.3
7,"Allentown-Bethlehem-Easton, PA-NJ Metro Area",103425,8998,6323,9650,24371,1246,78597,10900,49342,24371,47.71,23.56,"Allentown-Bethlehem-Easton, PA-NJ",PA,High (40-49%),10900.0,1196.0,10900.0,0.21193999,14,22.71,66.13,50.0,4.18,11.546601991329613,46.55,1.16
8,"Allentown-Bethlehem-Easton, PA-NJ Metro Area",103425,8998,6323,9650,24371,1246,78597,10900,49342,24371,47.71,23.56,"Allentown-Bethlehem-Easton, PA-NJ",PA,High (40-49%),10900.0,1365.0,10900.0,0.21193999,14,22.71,66.13,-119.0,-8.72,11.546601991329613,46.58,1.13
9,"Altoona, PA Metro Area",13916,1409,1200,1065,2490,838,59386,11020,6164,2490,44.29,17.89,"Altoona, PA",PA,High (40-49%),11020.0,829.0,11020.0,-1.1838697,1,19.29,56.17,9.0,1.09,9.540794536271832,39.08,5.21
10,"Amarillo, TX Metro Area",36333,2962,1725,2659,7941,997,64147,11100,15287,7941,42.07,21.86,"Amarillo, TX",TX,High (40-49%),11100.0,908.0,11100.0,1.5172467,1,17.07,49.71,89.0,9.8,10.50048169818916,45.09,-3.02
11,"Ames, IA Metro Area",19234,1288,652,1646,5336,981,68107,11180,8922,5336,46.39,27.74,"Ames, IA",IA,High (40-49%),11180.0,943.0,11180.0,-1.2075117,1,21.39,62.29,38.0,4.03,9.864434825272427,49.59,-3.2
12,"Ames, IA Metro Area",19234,1288,652,1646,5336,981,68107,11180,8922,5336,46.39,27.74,"Ames, IA",IA,High (40-49%),11180.0,810.0,11180.0,-1.2075117,1,21.39,62.29,171.0,21.11,9.864434825272427,49.55,-3.16
14,"Ann Arbor, MI Metro Area",57647,4298,3175,5007,16375,1335,84245,11460,28855,16375,50.05,28.41,"Ann Arbor, MI",MI,Very High (50%+),11460.0,1262.0,11460.0,0.40812534,8,25.049999999999997,72.95,73.0,5.78,10.962093486181855,51.58,-1.53
16,"Appleton, WI Metro Area",25721,1799,1136,1726,3383,942,79958,11540,8044,3383,31.27,13.15,"Appleton, WI",WI,Moderate (30-39%),11540.0,881.0,11540.0,-0.43127388,4,6.27,18.26,61.0,6.92,10.155063057844572,34.68,-3.41
17,"Asheville, NC Metro Area",57940,5535,4048,5602,11562,1121,64538,11700,26747,11562,46.16,19.96,"Asheville, NC",NC,High (40-49%),11700.0,1378.0,11700.0,-0.44771054,3,21.159999999999997,61.62,-257.0,-18.65,10.967163271323342,42.22,3.94
19,"Atlanta-Sandy Springs-Alpharetta, GA Metro Area",777789,67840,52165,73610,184965,1446,82625,12060,378580,184965,48.67,23.78,"Atlanta-Sandy Springs-Alpharetta, GA",GA,High (40-49%),12060.0,1289.0,12060.0,-0.27728018,27,23.67,68.93,157.0,12.18,13.564210558150705,47.2,1.47
20,"Atlantic City-Hammonton, NJ Metro Area",34262,2994,2090,3292,10192,1268,73113,12100,18568,10192,54.19,29.75,"Atlantic City-Hammonton, NJ",NJ,Very High (50%+),12100.0,1407.0,12100.0,1.1549332,3,29.189999999999998,85.0,-139.0,-9.88,10.441792147290403,53.26,0.93
21,"Auburn-Opelika, AL Metro Area",22649,1526,1129,1525,6921,953,59288,12220,11101,6921,49.01,30.56,"Auburn-Opelika, AL",AL,High (40-49%),12220.0,924.0,12220.0,-1.3148222,2,24.009999999999998,69.92,29.0,3.14,10.02787097982616,52.58,-3.57
22,"Augusta-Richmond County, GA-SC Metro Area",71629,6055,3787,6201,18106,1016,62941,12260,34149,18106,47.67,25.28,"Augusta-Richmond County, GA-SC",GA,High (40-49%),12260.0,906.0,12260.0,0.49490932,1,22.67,66.02,110.0,12.14,11.179255298880026,48.37,-0.7
23,"Austin-Round Rock-Georgetown, TX Metro Area",372749,32953,25046,31087,82467,1529,92939,12420,171553,82467,46.02,22.12,"Austin-Round Rock-Georgetown, TX",TX,High (40-49%),12420.0,1451.0,12420.0,0.52615625,7,21.020000000000003,61.21,78.0,5.38,12.82866054986014,45.65,0.37
24,"Bakersfield, CA Metro Area",112026,9224,8131,11466,29157,1161,63883,12540,57978,29157,51.75,26.03,"Bakersfield, CA",CA,Very High (50%+),12540.0,1013.0,12540.0,-0.123395346,3,26.75,77.9,148.0,14.61,11.62648626619339,48.98,2.77
25,"Baltimore-Columbia-Towson, MD Metro Area",361927,30595,23137,31729,87437,1489,94167,12580,172898,87437,47.77,24.16,"Baltimore-Columbia-Towson, MD",MD,High (40-49%),12580.0,1395.0,12580.0,1.4659218,3,22.770000000000003,66.31,94.0,6.74,12.799197813013745,48.31,-0.54
26,"Bangor, ME Metro Area",19189,1578,1518,1740,3721,932,59438,12620,8557,3721,44.59,19.39,"Bangor, ME",ME,High (40-49%),12620.0,1103.0,12620.0,-0.057438772,6,19.590000000000003,57.05,-171.0,-15.5,9.862092477169742,41.44,3.15
27,"Barnstable Town, MA Metro Area",18635,1833,1271,1540,5188,1536,90447,12700,9832,5188,52.76,27.84,"Barnstable Town, MA",MA,Very High (50%+),12700.0,1879.0,12700.0,0.5599534,2,27.759999999999998,80.84,-343.0,-18.25,9.832796811913358,50.72,2.04
28,"Baton Rouge, LA Metro Area",98146,7381,6073,7771,24765,1072,67979,12940,45990,24765,46.86,25.23,"Baton Rouge, LA",LA,High (40-49%),12940.0,738.0,12940.0,0.118457556,3,21.86,63.66,334.0,45.26,11.494211444926103,48.14,-1.28
29,"Baton Rouge, LA Metro Area",98146,7381,6073,7771,24765,1072,67979,12940,45990,24765,46.86,25.23,"Baton Rouge, LA",LA,High (40-49%),12940.0,917.0,12940.0,0.118457556,3,21.86,63.66,155.0,16.9,11.494211444926103,48.21,-1.35
30,"Battle Creek, MI Metro Area",15032,1423,787,1252,3098,897,58191,12980,6560,3098,43.64,20.61,"Battle Creek, MI",MI,High (40-49%),12980.0,841.0,12980.0,-0.57948095,4,18.64,54.28,56.0,6.66,9.617936541093302,42.3,1.34
31,"Bay City, MI Metro Area",10970,792,594,751,2271,786,57887,13020,4408,2271,40.18,20.7,"Bay City, MI",MI,High (40-49%),13020.0,786.0,13020.0,0.2161073,5,15.18,44.21,0.0,0.0,9.302919553269277,42.74,-2.56
32,"Beaumont-Port Arthur, TX Metro Area",47109,3758,2894,4033,10258,992,62427,13140,20943,10258,44.46,21.78,"Beaumont-Port Arthur, TX",TX,High (40-49%),13140.0,982.0,13140.0,-0.47625297,4,19.46,56.67,10.0,1.02,10.760219344553063,44.01,0.45
34,"Bellingham, WA Metro Area",33729,2595,2808,3335,9355,1370,77581,13380,18093,9355,53.64,27.74,"Bellingham, WA",WA,Very High (50%+),13380.0,1254.0,13380.0,0.44147035,2,28.64,83.4,116.0,9.25,10.42611328041787,50.69,2.95
35,"Bend, OR Metro Area",24660,2369,1636,2113,5899,1550,82042,13460,12017,5899,48.73,23.92,"Bend, OR",OR,High (40-49%),13460.0,1303.0,13460.0,-0.24191299,1,23.729999999999997,69.1,247.0,18.96,10.112937776718335,46.13,2.6
38,"Binghamton, NY Metro Area",33082,2432,1681,3132,8638,884,61271,13780,15883,8638,48.01,26.11,"Binghamton, NY",NY,High (40-49%),13780.0,855.0,13780.0,-0.09780693,6,23.009999999999998,67.01,29.0,3.39,10.406744606802166,48.67,-0.66
39,"Birmingham-Hoover, AL Metro Area",128048,10751,7483,10107,29686,1081,68329,13820,58027,29686,45.32,23.18,"Birmingham-Hoover, AL",AL,High (40-49%),13820.0,943.0,13820.0,0.091509946,6,20.32,59.17,138.0,14.63,11.760160472606827,46.13,-0.81
40,"Bismarck, ND Metro Area",14993,865,870,993,2858,973,81846,13900,5586,2858,37.26,19.06,"Bismarck, ND",ND,Moderate (30-39%),13900.0,880.0,13900.0,0.0065766573,2,12.259999999999998,35.7,93.0,10.57,9.615338704494903,40.97,-3.71
41,"Blacksburg-Christiansburg, VA Metro Area",25042,1522,704,1557,6862,1040,62017,13980,10645,6862,42.51,27.4,"Blacksburg-Christiansburg, VA",VA,High (40-49%),13980.0,935.0,13980.0,-1.109653,1,17.509999999999998,50.99,105.0,11.23,10.128309694228893,49.36,-6.85
42,"Bloomington, IL Metro Area",23979,1242,1475,1430,4936,941,75356,14010,9083,4936,37.88,20.58,"Bloomington, IL",IL,Moderate (30-39%),14010.0,870.0,14010.0,-0.98266155,3,12.880000000000003,37.51,71.0,8.16,10.084933726294128,42.21,-4.33
43,"Bloomington, IN Metro Area",27413,1848,1268,2399,9273,1089,59998,14020,14788,9273,53.95,33.83,"Bloomington, IN",IN,Very High (50%+),14020.0,971.0,14020.0,2.6153083,1,28.950000000000003,84.3,118.0,12.15,10.21877263241388,58.25,-4.3
45,"Boise City, ID Metro Area",78205,7431,5235,6413,14344,1245,78138,14260,33423,14344,42.74,18.34,"Boise City, ID",ID,High (40-49%),14260.0,1118.0,14260.0,-0.70210004,1,17.740000000000002,51.66,127.0,11.36,11.267088863108341,40.4,2.34
46,"Boston-Cambridge-Newton, MA-NH Metro Area",736123,67448,46031,59914,173950,1827,107117,14460,347343,173950,47.19,23.63,"Boston-Cambridge-Newton, MA-NH",MA,High (40-49%),14460.0,2399.0,14460.0,0.34709245,44,22.189999999999998,64.62,-572.0,-23.84,13.509152503313311,47.46,-0.27
47,"Boston-Cambridge-Newton, MA-NH Metro Area",736123,67448,46031,59914,173950,1827,107117,14460,347343,173950,47.19,23.63,"Boston-Cambridge-Newton, MA-NH",MA,High (40-49%),14460.0,1723.0,14460.0,0.34709245,44,22.189999999999998,64.62,104.0,6.04,13.509152503313311,47.38,-0.19
48,"Boston-Cambridge-Newton, MA-NH Metro Area",736123,67448,46031,59914,173950,1827,107117,14460,347343,173950,47.19,23.63,"Boston-Cambridge-Newton, MA-NH",MA,High (40-49%),14460.0,1565.0,14460.0,0.34709245,44,22.189999999999998,64.62,262.0,16.74,13.509152503313311,47.36,-0.17
49,"Boston-Cambridge-Newton, MA-NH Metro Area",736123,67448,46031,59914,173950,1827,107117,14460,347343,173950,47.19,23.63,"Boston-Cambridge-Newton, MA-NH",MA,High (40-49%),14460.0,1773.0,14460.0,0.34709245,44,22.189999999999998,64.62,54.0,3.05,13.509152503313311,47.39,-0.2
50,"Boston-Cambridge-Newton, MA-NH Metro Area",736123,67448,46031,59914,173950,1827,107117,14460,347343,173950,47.19,23.63,"Boston-Cambridge-Newton, MA-NH",MA,High (40-49%),14460.0,1399.0,14460.0,0.34709245,44,22.189999999999998,64.62,428.0,30.59,13.509152503313311,47.33,-0.14
51,"Boston-Cambridge-Newton, MA-NH Metro Area",736123,67448,46031,59914,173950,1827,107117,14460,347343,173950,47.19,23.63,"Boston-Cambridge-Newton, MA-NH",MA,High (40-49%),14460.0,1637.0,14460.0,0.34709245,44,22.189999999999998,64.62,190.0,11.61,13.509152503313311,47.37,-0.18
52,"Boulder, CO Metro Area",50324,4542,2985,4716,16110,1828,99770,14500,28353,16110,56.34,32.01,"Boulder, CO",CO,Very High (50%+),14500.0,1748.0,14500.0,0.028778413,3,31.340000000000003,91.26,80.0,4.58,10.82623737947102,55.13,1.21
53,"Bowling Green, KY Metro Area",26562,1883,1725,1518,6031,918,60914,14540,11157,6031,42.0,22.71,"Bowling Green, KY",KY,High (40-49%),14540.0,845.0,14540.0,-0.7513989,1,17.0,49.5,73.0,8.64,10.187236901960196,44.62,-2.62
54,"Bremerton-Silverdale-Port Orchard, WA Metro Area",31981,3489,2454,2653,6947,1635,93675,14740,15543,6947,48.6,21.72,"Bremerton-Silverdale-Port Orchard, WA",WA,High (40-49%),14740.0,1765.0,14740.0,-0.33649117,1,23.6,68.72,-130.0,-7.37,10.372897255442528,43.91,4.69
55,"Bridgeport-Stamford-Norwalk, CT Metro Area",118930,10136,7865,10736,31775,1751,107351,14860,60512,31775,50.88,26.72,"Bridgeport-Stamford-Norwalk, CT",CT,Very High (50%+),14860.0,1371.0,14860.0,0.27043277,8,25.880000000000003,75.36,380.0,27.72,11.686290363721291,49.91,0.97
56,"Bridgeport-Stamford-Norwalk, CT Metro Area",118930,10136,7865,10736,31775,1751,107351,14860,60512,31775,50.88,26.72,"Bridgeport-Stamford-Norwalk, CT",CT,Very High (50%+),14860.0,1810.0,14860.0,0.27043277,8,25.880000000000003,75.36,-59.0,-3.26,11.686290363721291,49.99,0.89
57,"Bridgeport-Stamford-Norwalk, CT Metro Area",118930,10136,7865,10736,31775,1751,107351,14860,60512,31775,50.88,26.72,"Bridgeport-Stamford-Norwalk, CT",CT,Very High (50%+),14860.0,2230.0,14860.0,0.27043277,8,25.880000000000003,75.36,-479.0,-21.48,11.686290363721291,50.03,0.85
58,"Brownsville-Harlingen, TX Metro Area",46015,4150,2743,3614,10623,855,47435,15180,21130,10623,45.92,23.09,"Brownsville-Harlingen, TX",TX,High (40-49%),15180.0,803.0,15180.0,-0.9804325,3,20.92,60.92,52.0,6.48,10.736722709272957,45.1,0.82
60,"Buffalo-Cheektowaga, NY Metro Area",167999,12636,9838,12652,42166,956,67638,15380,77292,42166,46.01,25.1,"Buffalo-Cheektowaga, NY",NY,High (40-49%),15380.0,963.0,15380.0,0.21027839,12,21.009999999999998,61.18,-7.0,-0.73,12.031713305986727,48.36,-2.35
63,"California-Lexington Park, MD Metro Area",11346,544,693,573,2602,1595,113668,15680,4412,2602,38.89,22.93,"California-Lexington Park, MD",MD,Moderate (30-39%),15680.0,1372.0,15680.0,0.3264193,1,13.89,40.45,223.0,16.25,9.336620537886512,45.13,-6.24
64,"Canton-Massillon, OH Metro Area",51907,4173,3010,3944,9484,835,62859,15940,20611,9484,39.71,18.27,"Canton-Massillon, OH",OH,Moderate (30-39%),15940.0,768.0,15940.0,-0.31504095,3,14.71,42.84,67.0,8.72,10.857208934818349,40.4,-0.69
65,"Cape Coral-Fort Myers, FL Metro Area",83206,7339,6183,8014,22717,1466,69368,15980,44253,22717,53.18,27.3,"Cape Coral-Fort Myers, FL",FL,Very High (50%+),15980.0,1231.0,15980.0,0.3799063,2,28.18,82.06,235.0,19.09,11.329074739593725,50.48,2.7
69,"Casper, WY Metro Area",8958,565,607,938,1709,945,69104,16220,3819,1709,42.63,19.08,"Casper, WY",WY,High (40-49%),16220.0,856.0,16220.0,-0.59318584,1,17.630000000000003,51.34,89.0,10.4,9.100302266767246,40.48,2.15
70,"Cedar Rapids, IA Metro Area",27608,2116,1567,2067,5232,863,75477,16300,10982,5232,39.78,18.95,"Cedar Rapids, IA",IA,Moderate (30-39%),16300.0,814.0,16300.0,-0.70319104,4,14.780000000000001,43.04,49.0,6.02,10.22586086477784,40.69,-0.91
71,"Chambersburg-Waynesboro, PA Metro Area",16945,1548,984,1153,2916,1019,71808,16540,6601,2916,38.96,17.21,"Chambersburg-Waynesboro, PA",PA,Moderate (30-39%),16540.0,939.0,16540.0,-0.92184037,3,13.96,40.65,80.0,8.52,9.737728084041152,38.55,0.41
72,"Champaign-Urbana, IL Metro Area",39445,2696,2072,2999,10499,975,62281,16580,18266,10499,46.31,26.62,"Champaign-Urbana, IL",IL,High (40-49%),16580.0,977.0,16580.0,1.107313,2,21.310000000000002,62.06,-2.0,-0.2,10.58266257552919,49.95,-3.64
73,"Charleston, WV Metro Area",29907,2106,1649,2008,6015,841,54473,16620,11778,6015,39.38,20.11,"Charleston, WV",WV,Moderate (30-39%),16620.0,833.0,16620.0,-0.70504236,1,14.380000000000003,41.88,8.0,0.96,10.305847845690813,41.96,-2.58
74,"Charleston, WV Metro Area",29907,2106,1649,2008,6015,841,54473,16620,11778,6015,39.38,20.11,"Charleston, WV",WV,Moderate (30-39%),16620.0,710.0,16620.0,-0.70504236,1,14.380000000000003,41.88,131.0,18.45,10.305847845690813,41.92,-2.54
75,"Charleston, WV Metro Area",29907,2106,1649,2008,6015,841,54473,16620,11778,6015,39.38,20.11,"Charleston, WV",WV,Moderate (30-39%),16620.0,705.0,16620.0,-0.70504236,1,14.380000000000003,41.88,136.0,19.29,10.305847845690813,41.91,-2.53
76,"Charleston-North Charleston, SC Metro Area",100827,8107,6848,9630,23943,1402,77460,16700,48528,23943,48.13,23.75,"Charleston-North Charleston, SC",SC,High (40-49%),16700.0,1372.0,16700.0,-0.07321241,5,23.130000000000003,67.36,30.0,2.19,11.521161455894942,46.59,1.54
77,"Charlotte-Concord-Gastonia, NC-SC Metro Area",348582,30392,22009,29353,70959,1279,76177,16740,152713,70959,43.81,20.36,"Charlotte-Concord-Gastonia, NC-SC",NC,High (40-49%),16740.0,805.0,16740.0,-0.3756849,12,18.810000000000002,54.78,474.0,58.88,12.761628775623043,43.13,0.68
78,"Charlotte-Concord-Gastonia, NC-SC Metro Area",348582,30392,22009,29353,70959,1279,76177,16740,152713,70959,43.81,20.36,"Charlotte-Concord-Gastonia, NC-SC",NC,High (40-49%),16740.0,1155.0,16740.0,-0.3756849,12,18.810000000000002,54.78,124.0,10.74,12.761628775623043,43.25,0.56
80,"Chattanooga, TN-GA Metro Area",71328,5182,4760,5641,13818,1000,65387,16860,29401,13818,41.22,19.37,"Chattanooga, TN-GA",TN,High (40-49%),16860.0,883.0,16860.0,-0.05491659,4,16.22,47.23,117.0,13.25,11.175044236185595,41.81,-0.59
82,"Chicago-Naperville-Elgin, IL-IN-WI Metro Area",1270077,103199,73975,101075,293931,1310,85087,16980,572180,293931,45.05,23.14,"Chicago-Naperville-Elgin, IL-IN-WI",IL,High (40-49%),16980.0,1340.0,16980.0,-0.15016596,94,20.049999999999997,58.39,-30.0,-2.24,14.054588086518114,46.8,-1.75
83,"Chicago-Naperville-Elgin, IL-IN-WI Metro Area",1270077,103199,73975,101075,293931,1310,85087,16980,572180,293931,45.05,23.14,"Chicago-Naperville-Elgin, IL-IN-WI",IL,High (40-49%),16980.0,1044.0,16980.0,-0.15016596,94,20.049999999999997,58.39,266.0,25.48,14.054588086518114,46.74,-1.69
84,"Chicago-Naperville-Elgin, IL-IN-WI Metro Area",1270077,103199,73975,101075,293931,1310,85087,16980,572180,293931,45.05,23.14,"Chicago-Naperville-Elgin, IL-IN-WI",IL,High (40-49%),16980.0,959.0,16980.0,-0.15016596,94,20.049999999999997,58.39,351.0,36.6,14.054588086518114,46.71,-1.66
85,"Chicago-Naperville-Elgin, IL-IN-WI Metro Area",1270077,103199,73975,101075,293931,1310,85087,16980,572180,293931,45.05,23.14,"Chicago-Naperville-Elgin, IL-IN-WI",IL,High (40-49%),16980.0,1205.0,16980.0,-0.15016596,94,20.049999999999997,58.39,105.0,8.71,14.054588086518114,46.78,-1.73
86,"Chicago-Naperville-Elgin, IL-IN-WI Metro Area",1270077,103199,73975,101075,293931,1310,85087,16980,572180,293931,45.05,23.14,"Chicago-Naperville-Elgin, IL-IN-WI",IL,High (40-49%),16980.0,1303.0,16980.0,-0.15016596,94,20.049999999999997,58.39,7.0,0.54,14.054588086518114,46.8,-1.75
87,"Chicago-Naperville-Elgin, IL-IN-WI Metro Area",1270077,103199,73975,101075,293931,1310,85087,16980,572180,293931,45.05,23.14,"Chicago-Naperville-Elgin, IL-IN-WI",IL,High (40-49%),16980.0,1066.0,16980.0,-0.15016596,94,20.049999999999997,58.39,244.0,22.89,14.054588086518114,46.74,-1.69
88,"Chico, CA Metro Area",34895,2571,2397,3490,9811,1280,66085,17020,18269,9811,52.35,28.12,"Chico, CA",CA,Very High (50%+),17020.0,1177.0,17020.0,-1.1931996,1,27.35,79.64,103.0,8.75,10.460098831451251,50.2,2.15
89,"Cincinnati, OH-KY-IN Metro Area",286425,20884,16625,19797,61645,990,76247,17140,118951,61645,41.53,21.52,"Cincinnati, OH-KY-IN",OH,High (40-49%),17140.0,793.0,17140.0,-0.49301097,26,16.53,48.14,197.0,24.84,12.565232000761826,44.31,-2.78
90,"Cincinnati, OH-KY-IN Metro Area",286425,20884,16625,19797,61645,990,76247,17140,118951,61645,41.53,21.52,"Cincinnati, OH-KY-IN",OH,High (40-49%),17140.0,968.0,17140.0,-0.49301097,26,16.53,48.14,22.0,2.27,12.565232000761826,44.36,-2.83
91,"Cincinnati, OH-KY-IN Metro Area",286425,20884,16625,19797,61645,990,76247,17140,118951,61645,41.53,21.52,"Cincinnati, OH-KY-IN",OH,High (40-49%),17140.0,812.0,17140.0,-0.49301097,26,16.53,48.14,178.0,21.92,12.565232000761826,44.32,-2.79
92,"Cincinnati, OH-KY-IN Metro Area",286425,20884,16625,19797,61645,990,76247,17140,118951,61645,41.53,21.52,"Cincinnati, OH-KY-IN",OH,High (40-49%),17140.0,829.0,17140.0,-0.49301097,26,16.53,48.14,161.0,19.42,12.565232000761826,44.32,-2.79
93,"Clarksville, TN-KY Metro Area",45083,3975,2890,4177,8295,1064,62188,17300,19337,8295,42.89,18.4,"Clarksville, TN-KY",TN,High (40-49%),17300.0,910.0,17300.0,-0.97739214,1,17.89,52.1,154.0,16.92,10.716260514297943,40.11,2.78
94,"Clarksville, TN-KY Metro Area",45083,3975,2890,4177,8295,1064,62188,17300,19337,8295,42.89,18.4,"Clarksville, TN-KY",TN,High (40-49%),17300.0,699.0,17300.0,-0.97739214,1,17.89,52.1,365.0,52.22,10.716260514297943,40.02,2.87
96,"Cleveland-Elyria, OH Metro Area",307569,25684,16582,22375,68110,957,66481,17460,132751,68110,43.16,22.14,"Cleveland-Elyria, OH",OH,High (40-49%),17460.0,893.0,17460.0,0.1645125,19,18.159999999999997,52.88,64.0,7.17,12.636454731300887,45.4,-2.24
97,"Coeur d'Alene, ID Metro Area",18544,1853,1680,2004,3625,1216,71949,17660,9162,3625,49.41,19.55,"Coeur d'Alene, ID",ID,High (40-49%),17660.0,1047.0,17660.0,-0.35753945,2,24.409999999999997,71.08,169.0,16.14,9.827901565579532,41.35,8.06
98,"College Station-Bryan, TX Metro Area",49065,3379,3203,4637,15199,1107,58659,17780,26418,15199,53.84,30.98,"College Station-Bryan, TX",TX,Very High (50%+),17780.0,975.0,17780.0,-0.8750594,1,28.840000000000003,83.98,132.0,13.54,10.800901228640594,53.51,0.33
99,"Colorado Springs, CO Metro Area",95470,9064,7708,9624,23093,1508,82334,17820,49489,23093,51.84,24.19,"Colorado Springs, CO",CO,Very High (50%+),17820.0,1302.0,17820.0,-0.24870446,2,26.840000000000003,78.16,206.0,15.82,11.466567340992079,46.9,4.94
100,"Columbia, MO Metro Area",33546,2234,1790,3040,8863,981,65863,17860,15927,8863,47.48,26.42,"Columbia, MO",MO,High (40-49%),17860.0,878.0,17860.0,-0.79167813,1,22.479999999999997,65.46,103.0,11.73,10.4206729102547,48.6,-1.12
101,"Columbia, MO Metro Area",33546,2234,1790,3040,8863,981,65863,17860,15927,8863,47.48,26.42,"Columbia, MO",MO,High (40-49%),17860.0,713.0,17860.0,-0.79167813,1,22.479999999999997,65.46,268.0,37.59,10.4206729102547,48.54,-1.06
102,"Columbia, MO Metro Area",33546,2234,1790,3040,8863,981,65863,17860,15927,8863,47.48,26.42,"Columbia, MO",MO,High (40-49%),17860.0,689.0,17860.0,-0.79167813,1,22.479999999999997,65.46,292.0,42.38,10.4206729102547,48.53,-1.05
103,"Columbia, SC Metro Area",102879,8159,6021,8438,26837,1096,63471,17900,49455,26837,48.07,26.09,"Columbia, SC",SC,High (40-49%),17900.0,990.0,17900.0,-0.26319113,4,23.07,67.18,106.0,10.71,11.541308819361998,48.94,-0.87
104,"Columbus, GA-AL Metro Area",53949,4233,3182,4521,12055,999,55720,17980,23991,12055,44.47,22.35,"Columbus, GA-AL",GA,High (40-49%),17980.0,827.0,17980.0,-1.459357,1,19.47,56.7,172.0,20.8,10.895794434833306,44.07,0.4
105,"Columbus, GA-AL Metro Area",53949,4233,3182,4521,12055,999,55720,17980,23991,12055,44.47,22.35,"Columbus, GA-AL",GA,High (40-49%),17980.0,704.0,17980.0,-1.459357,1,19.47,56.7,295.0,41.9,10.895794434833306,44.02,0.45
106,"Columbus, GA-AL Metro Area",53949,4233,3182,4521,12055,999,55720,17980,23991,12055,44.47,22.35,"Columbus, GA-AL",GA,High (40-49%),17980.0,704.0,17980.0,-1.459357,1,19.47,56.7,295.0,41.9,10.895794434833306,44.02,0.45
107,"Columbus, IN Metro Area",9782,620,448,436,1828,1063,76912,18020,3332,1828,34.06,18.69,"Columbus, IN",IN,Moderate (30-39%),18020.0,953.0,18020.0,0.49820197,1,9.060000000000002,26.38,110.0,11.54,9.188299241099303,40.7,-6.64
108,"Columbus, OH Metro Area",323450,25277,18545,23736,64495,1146,76541,18140,132053,64495,40.83,19.94,"Columbus, OH",OH,High (40-49%),18140.0,1032.0,18140.0,0.1423348,17,15.829999999999998,46.1,114.0,11.05,12.686799821472132,43.06,-2.23
109,"Corpus Christi, TX Metro Area",60538,4843,4409,5319,14027,1183,64005,18580,28598,14027,47.24,23.17,"Corpus Christi, TX",TX,High (40-49%),18580.0,1118.0,18580.0,-0.29162166,3,22.240000000000002,64.76,65.0,5.81,11.011026546020759,45.66,1.58
110,"Corvallis, OR Metro Area",16662,1025,970,1423,5890,1315,72882,18700,9308,5890,55.86,35.35,"Corvallis, OR",OR,Very High (50%+),18700.0,1272.0,18700.0,2.1964083,1,30.86,89.87,43.0,3.38,9.720885956534854,59.47,-3.61
111,"Crestview-Fort Walton Beach-Destin, FL Metro Area",34312,3876,2707,3706,6924,1391,74279,18880,17213,6924,50.17,20.18,"Crestview-Fort Walton Beach-Destin, FL",FL,Very High (50%+),18880.0,1172.0,18880.0,0.61189294,1,25.17,73.3,219.0,18.69,10.443250426196716,42.77,7.4
113,"Dallas-Fort Worth-Arlington, TX Metro Area",1105476,100523,76784,104447,239350,1409,83398,19100,521104,239350,47.14,21.65,"Dallas-Fort Worth-Arlington, TX",TX,High (40-49%),19100.0,1362.0,19100.0,0.036192957,49,22.14,64.47,47.0,3.45,13.915786569410331,45.27,1.87
114,"Dallas-Fort Worth-Arlington, TX Metro Area",1105476,100523,76784,104447,239350,1409,83398,19100,521104,239350,47.14,21.65,"Dallas-Fort Worth-Arlington, TX",TX,High (40-49%),19100.0,1269.0,19100.0,0.036192957,49,22.14,64.47,140.0,11.03,13.915786569410331,45.25,1.89
117,"Daphne-Fairhope-Foley, AL Metro Area",20094,1527,1142,2053,4227,1160,71039,19300,8949,4227,44.54,21.04,"Daphne-Fairhope-Foley, AL",AL,High (40-49%),19300.0,1017.0,19300.0,-0.7896187,1,19.54,56.9,143.0,14.06,9.90817654202226,42.72,1.82
118,"Davenport-Moline-Rock Island, IA-IL Metro Area",46638,3550,2694,4073,8991,875,68395,19340,19308,8991,41.4,19.28,"Davenport-Moline-Rock Island, IA-IL",IA,High (40-49%),19340.0,805.0,19340.0,-1.0030794,5,16.4,47.76,70.0,8.7,10.750170938458275,41.05,0.35
120,"Decatur, AL Metro Area",15720,1297,446,1297,2724,772,60036,19460,5764,2724,36.67,17.33,"Decatur, AL",AL,Moderate (30-39%),19460.0,720.0,19460.0,-1.0277853,1,11.670000000000002,33.98,52.0,7.22,9.662689065983198,38.6,-1.93
121,"Decatur, IL Metro Area",13472,1059,589,747,2631,774,59622,19500,5026,2631,37.31,19.53,"Decatur, IL",IL,Moderate (30-39%),19500.0,794.0,19500.0,-1.0415237,1,12.310000000000002,35.85,-20.0,-2.52,9.508368736482108,40.89,-3.58
122,"Deltona-Daytona Beach-Ormond Beach, FL Metro Area",74758,5773,4947,7667,20025,1311,64197,19660,38412,20025,51.38,26.79,"Deltona-Daytona Beach-Ormond Beach, FL",FL,Very High (50%+),19660.0,1135.0,19660.0,-0.5061158,8,26.380000000000003,76.82,176.0,15.51,11.222011508937708,49.43,1.95
123,"Deltona-Daytona Beach-Ormond Beach, FL Metro Area",74758,5773,4947,7667,20025,1311,64197,19660,38412,20025,51.38,26.79,"Deltona-Daytona Beach-Ormond Beach, FL",FL,Very High (50%+),19660.0,1193.0,19660.0,-0.5061158,8,26.380000000000003,76.82,118.0,9.89,11.222011508937708,49.44,1.94
124,"Denver-Aurora-Lakewood, CO Metro Area",421824,41919,28382,38530,98838,1706,96920,19740,207669,98838,49.23,23.43,"Denver-Aurora-Lakewood, CO",CO,High (40-49%),19740.0,1659.0,19740.0,0.3820216,16,24.229999999999997,70.56,47.0,2.83,12.952343444412392,47.0,2.23
125,"Des Moines-West Des Moines, IA Metro Area",86217,7233,5249,6351,15465,1063,81103,19780,34298,15465,39.78,17.94,"Des Moines-West Des Moines, IA",IA,Moderate (30-39%),19780.0,935.0,19780.0,-0.043271568,5,14.780000000000001,43.04,128.0,13.69,11.364622652984572,40.37,-0.59
126,"Des Moines-West Des Moines, IA Metro Area",86217,7233,5249,6351,15465,1063,81103,19780,34298,15465,39.78,17.94,"Des Moines-West Des Moines, IA",IA,Moderate (30-39%),19780.0,757.0,19780.0,-0.043271568,5,14.780000000000001,43.04,306.0,40.42,11.364622652984572,40.31,-0.53
127,"Detroit-Warren-Dearborn, MI Metro Area",513025,42672,28581,39484,123691,1112,72456,19820,234428,123691,45.7,24.11,"Detroit-Warren-Dearborn, MI",MI,High (40-49%),19820.0,1084.0,19820.0,-0.44457975,60,20.700000000000003,60.28,28.0,2.58,13.148079855908964,47.34,-1.64
128,"Detroit-Warren-Dearborn, MI Metro Area",513025,42672,28581,39484,123691,1112,72456,19820,234428,123691,45.7,24.11,"Detroit-Warren-Dearborn, MI",MI,High (40-49%),19820.0,1125.0,19820.0,-0.44457975,60,20.700000000000003,60.28,-13.0,-1.16,13.148079855908964,47.35,-1.65
129,"Dothan, AL Metro Area",18100,1324,821,1207,3841,822,54171,20020,7193,3841,39.74,21.22,"Dothan, AL",AL,Moderate (30-39%),20020.0,705.0,20020.0,-1.6056321,1,14.740000000000002,42.92,117.0,16.6,9.803667217253917,42.42,-2.68
130,"Dover, DE Metro Area",20352,1954,1438,1828,4975,1224,69278,20100,10195,4975,50.09,24.44,"Dover, DE",DE,Very High (50%+),20100.0,1002.0,20100.0,0.32326925,1,25.090000000000003,73.06,222.0,22.16,9.92093446613985,46.92,3.17
131,"Dubuque, IA Metro Area",10673,656,589,705,2680,912,73495,20220,4630,2680,43.38,25.11,"Dubuque, IA",IA,High (40-49%),20220.0,834.0,20220.0,-0.8588414,2,18.380000000000003,53.52,78.0,9.35,9.275472466913964,46.78,-3.4
132,"Duluth, MN-WI Metro Area",33355,3185,1805,2602,7626,909,67612,20260,15218,7626,45.62,22.86,"Duluth, MN-WI",MN,High (40-49%),20260.0,936.0,20260.0,0.051165152,5,20.619999999999997,60.05,-27.0,-2.88,10.414962965143616,45.33,0.29
133,"Duluth, MN-WI Metro Area",33355,3185,1805,2602,7626,909,67612,20260,15218,7626,45.62,22.86,"Duluth, MN-WI",MN,High (40-49%),20260.0,826.0,20260.0,0.051165152,5,20.619999999999997,60.05,83.0,10.05,10.414962965143616,45.3,0.32
134,"Durham-Chapel Hill, NC Metro Area",94981,9245,5434,6877,21459,1249,76040,20500,43015,21459,45.29,22.59,"Durham-Chapel Hill, NC",NC,High (40-49%),20500.0,1199.0,20500.0,0.11459517,1,20.29,59.09,50.0,4.17,11.461432150580011,45.44,-0.15
135,"Durham-Chapel Hill, NC Metro Area",94981,9245,5434,6877,21459,1249,76040,20500,43015,21459,45.29,22.59,"Durham-Chapel Hill, NC",NC,High (40-49%),20500.0,863.0,20500.0,0.11459517,1,20.29,59.09,386.0,44.73,11.461432150580011,45.34,-0.05
136,"East Stroudsburg, PA Metro Area",12589,1108,581,1280,3386,1311,80656,20700,6355,3386,50.48,26.9,"East Stroudsburg, PA",PA,Very High (50%+),20700.0,1153.0,20700.0,-0.06663975,3,25.479999999999997,74.2,158.0,13.7,9.44057869576626,49.16,1.32
137,"Eau Claire, WI Metro Area",22395,1679,1263,1571,3965,925,70009,20740,8478,3965,37.86,17.7,"Eau Claire, WI",WI,Moderate (30-39%),20740.0,836.0,20740.0,-0.7539511,3,12.86,37.45,89.0,10.65,10.0165929986414,39.26,-1.4
138,"El Centro, CA Metro Area",19902,1839,1543,1537,5146,961,53847,20940,10065,5146,50.57,25.86,"El Centro, CA",CA,Very High (50%+),20940.0,1065.0,20940.0,2.9821427,1,25.57,74.46,-104.0,-9.77,9.898575508175107,49.96,0.61
141,"Elmira, NY Metro Area",10978,1045,605,783,2958,991,61358,21300,5391,2958,49.11,26.94,"Elmira, NY",NY,High (40-49%),21300.0,944.0,21300.0,-0.23620766,2,24.11,70.21,47.0,4.98,9.303648549109834,49.08,0.03
142,"El Paso, TX Metro Area",108524,9244,7411,10141,24594,977,55344,21340,51390,24594,47.35,22.66,"El Paso, TX",TX,High (40-49%),21340.0,840.0,21340.0,0.5864872,2,22.35,65.08,137.0,16.31,11.594726625658629,45.79,1.56
144,"Erie, PA Metro Area",35065,2727,2144,2760,8926,851,59396,21500,16557,8926,47.22,25.46,"Erie, PA",PA,High (40-49%),21500.0,848.0,21500.0,0.59413266,4,22.22,64.71,3.0,0.35,10.46495876097101,48.4,-1.18
145,"Eugene-Springfield, OR Metro Area",64535,5535,3668,5982,17207,1210,65157,21660,32392,17207,50.19,26.66,"Eugene-Springfield, OR",OR,Very High (50%+),21660.0,1254.0,21660.0,0.38107264,5,25.189999999999998,73.35,-44.0,-3.51,11.074962991269288,49.77,0.42
148,"Fargo, ND-MN Metro Area",46553,3591,2582,3701,9230,919,73641,22020,19104,9230,41.04,19.83,"Fargo, ND-MN",ND,High (40-49%),22020.0,859.0,22020.0,0.27158338,2,16.04,46.71,60.0,6.98,10.74834672745997,42.34,-1.3
149,"Farmington, NM Metro Area",12171,863,542,857,2390,894,50734,22140,4652,2390,38.22,19.64,"Farmington, NM",NM,Moderate (30-39%),22140.0,850.0,22140.0,-0.62973994,1,13.219999999999999,38.5,44.0,5.18,9.406811351874557,41.18,-2.96
150,"Fayetteville, NC Metro Area",80727,6269,4978,7839,17668,1085,57488,22180,36754,17668,45.53,21.89,"Fayetteville, NC",NC,High (40-49%),22180.0,913.0,22180.0,0.13901645,2,20.53,59.78,172.0,18.84,11.29882837079185,44.62,0.91
151,"Fayetteville, NC Metro Area",80727,6269,4978,7839,17668,1085,57488,22180,36754,17668,45.53,21.89,"Fayetteville, NC",NC,High (40-49%),22180.0,856.0,22180.0,0.13901645,2,20.53,59.78,229.0,26.75,11.29882837079185,44.6,0.93
152,"Fayetteville-Springdale-Rogers, AR Metro Area",77362,6267,4138,4601,12221,1010,73316,22220,27227,12221,35.19,15.8,"Fayetteville-Springdale-Rogers, AR",AR,Moderate (30-39%),22220.0,865.0,22220.0,-0.23801577,5,10.189999999999998,29.67,145.0,16.76,11.256250982947074,37.95,-2.76
153,"Flagstaff, AZ Metro Area",21288,1920,1433,1771,5337,1353,67266,22380,10461,5337,49.14,25.07,"Flagstaff, AZ",AZ,High (40-49%),22380.0,1474.0,22380.0,2.4877613,1,24.14,70.3,-121.0,-8.21,9.965898812657525,48.87,0.27
154,"Flint, MI Metro Area",49178,3830,3264,3811,12446,893,58594,22420,23351,12446,47.48,25.31,"Flint, MI",MI,High (40-49%),22420.0,821.0,22420.0,-0.5721822,7,22.479999999999997,65.46,72.0,8.77,10.803201648005482,47.69,-0.21
155,"Florence, SC Metro Area",26195,1374,1416,2446,5626,848,52401,22500,10862,5626,41.47,21.48,"Florence, SC",SC,High (40-49%),22500.0,832.0,22500.0,0.62666386,3,16.47,47.96,16.0,1.92,10.17332383184232,44.09,-2.62
158,"Fort Collins, CO Metro Area",52796,4395,3346,4688,14113,1584,87199,22660,26542,14113,50.27,26.73,"Fort Collins, CO",CO,Very High (50%+),22660.0,1421.0,22660.0,0.2500825,6,25.270000000000003,73.59,163.0,11.47,10.874190709248845,49.67,0.6
159,"Fort Smith, AR-OK Metro Area",32262,2154,1857,2845,5461,791,53224,22900,12317,5461,38.18,16.93,"Fort Smith, AR-OK",AR,Moderate (30-39%),22900.0,740.0,22900.0,-0.7156107,1,13.18,38.38,51.0,6.89,10.381645346037732,38.6,-0.42
160,"Fort Smith, AR-OK Metro Area",32262,2154,1857,2845,5461,791,53224,22900,12317,5461,38.18,16.93,"Fort Smith, AR-OK",AR,Moderate (30-39%),22900.0,649.0,22900.0,-0.7156107,1,13.18,38.38,142.0,21.88,10.381645346037732,38.56,-0.38
162,"Fresno, CA Metro Area",145867,12365,9819,13543,38249,1207,67756,23420,73976,38249,50.71,26.22,"Fresno, CA",CA,Very High (50%+),23420.0,1137.0,23420.0,0.22542901,5,25.71,74.87,70.0,6.16,11.890450526611144,49.49,1.22
163,"Gadsden, AL Metro Area",10337,752,475,883,2182,779,52177,23460,4292,2182,41.52,21.11,"Gadsden, AL",AL,High (40-49%),23460.0,710.0,23460.0,-0.44823077,1,16.520000000000003,48.11,69.0,9.72,9.243484970568485,42.76,-1.24
164,"Gainesville, FL Metro Area",54195,3717,3285,4446,17054,1157,56638,23540,28502,17054,52.59,31.47,"Gainesville, FL",FL,Very High (50%+),23540.0,1038.0,23540.0,-0.12734613,1,27.590000000000003,80.34,119.0,11.46,10.90034393224985,54.48,-1.89
165,"Gainesville, FL Metro Area",54195,3717,3285,4446,17054,1157,56638,23540,28502,17054,52.59,31.47,"Gainesville, FL",FL,Very High (50%+),23540.0,757.0,23540.0,-0.12734613,1,27.590000000000003,80.34,400.0,52.84,10.90034393224985,54.38,-1.79
166,"Gainesville, GA Metro Area",20817,1487,1784,2028,4518,1179,74153,23580,9817,4518,47.16,21.7,"Gainesville, GA",GA,High (40-49%),23580.0,1028.0,23580.0,-0.4467876,1,22.159999999999997,64.53,151.0,14.69,9.94352523956766,43.62,3.54
167,"Gettysburg, PA Metro Area",8742,679,487,677,1472,1060,78975,23900,3315,1472,37.92,16.84,"Gettysburg, PA",PA,Moderate (30-39%),23900.0,1032.0,23900.0,0.3915757,4,12.920000000000002,37.62,28.0,2.71,9.07589427542326,38.67,-0.75
168,"Glens Falls, NY Metro Area",15065,1560,762,1075,3201,1015,71380,24020,6598,3201,43.8,21.25,"Glens Falls, NY",NY,High (40-49%),24020.0,1065.0,24020.0,-1.021747,3,18.799999999999997,54.75,-50.0,-4.69,9.620129451564402,42.76,1.04
169,"Goldsboro, NC Metro Area",18151,1804,941,1661,3420,899,54323,24140,7826,3420,43.12,18.84,"Goldsboro, NC",NC,High (40-49%),24140.0,849.0,24140.0,0.21939074,1,18.119999999999997,52.77,50.0,5.89,9.806480934593978,40.94,2.18
170,"Grand Forks, ND-MN Metro Area",18562,1289,1278,1703,3862,918,65971,24220,8132,3862,43.81,20.81,"Grand Forks, ND-MN",ND,High (40-49%),24220.0,854.0,24220.0,-1.0800045,1,18.810000000000002,54.78,64.0,7.49,9.828871759155339,42.31,1.5
172,"Grand Junction, CO Metro Area",17781,1079,1233,1416,4021,1089,68077,24300,7749,4021,43.58,22.61,"Grand Junction, CO",CO,High (40-49%),24300.0,1026.0,24300.0,-0.5362182,2,18.58,54.11,63.0,6.14,9.785885750455948,44.5,-0.92
173,"Grand Rapids-Kentwood, MI Metro Area",109085,10174,7303,8584,22843,1078,76898,24340,48904,22843,44.83,20.94,"Grand Rapids-Kentwood, MI",MI,High (40-49%),24340.0,1041.0,24340.0,-0.36528832,24,19.83,57.75,37.0,3.55,11.599882673826125,43.48,1.35
174,"Grand Rapids-Kentwood, MI Metro Area",109085,10174,7303,8584,22843,1078,76898,24340,48904,22843,44.83,20.94,"Grand Rapids-Kentwood, MI",MI,High (40-49%),24340.0,971.0,24340.0,-0.36528832,24,19.83,57.75,107.0,11.02,11.599882673826125,43.46,1.37
175,"Grand Rapids-Kentwood, MI Metro Area",109085,10174,7303,8584,22843,1078,76898,24340,48904,22843,44.83,20.94,"Grand Rapids-Kentwood, MI",MI,High (40-49%),24340.0,884.0,24340.0,-0.36528832,24,19.83,57.75,194.0,21.95,11.599882673826125,43.43,1.4
178,"Greeley, CO Metro Area",28700,2404,2102,2624,6881,1351,89182,24540,14011,6881,48.82,23.98,"Greeley, CO",CO,High (40-49%),24540.0,1272.0,24540.0,0.25373238,2,23.82,69.37,79.0,6.21,10.264652401747712,46.56,2.26
179,"Green Bay, WI Metro Area",42160,3990,2133,2996,6915,924,74208,24580,16034,6915,38.03,16.4,"Green Bay, WI",WI,Moderate (30-39%),24580.0,875.0,24580.0,0.15175427,3,13.030000000000001,37.94,49.0,5.6,10.649227183215244,38.62,-0.59
180,"Greensboro-High Point, NC Metro Area",111875,9563,7295,10856,23051,985,59567,24660,50765,23051,45.38,20.6,"Greensboro-High Point, NC",NC,High (40-49%),24660.0,952.0,24660.0,-0.40710354,6,20.380000000000003,59.35,33.0,3.47,11.625137455577157,43.1,2.28
181,"Greenville, NC Metro Area",35193,2762,1835,2391,8675,911,54915,24780,15663,8675,44.51,24.65,"Greenville, NC",NC,High (40-49%),24780.0,910.0,24780.0,-0.4822502,2,19.509999999999998,56.81,1.0,0.11,10.46860247817383,46.95,-2.44
182,"Greenville-Anderson, SC Metro Area",108358,9003,6651,8450,24452,1026,66226,24860,48556,24452,44.81,22.57,"Greenville-Anderson, SC",SC,High (40-49%),24860.0,833.0,24860.0,-0.1151287,3,19.810000000000002,57.69,193.0,23.17,11.593195839033498,45.29,-0.48
183,"Greenville-Anderson, SC Metro Area",108358,9003,6651,8450,24452,1026,66226,24860,48556,24452,44.81,22.57,"Greenville-Anderson, SC",SC,High (40-49%),24860.0,992.0,24860.0,-0.1151287,3,19.810000000000002,57.69,34.0,3.43,11.593195839033498,45.34,-0.53
184,"Gulfport-Biloxi, MS Metro Area",53527,4097,3151,4823,12349,1010,58287,25060,24420,12349,45.62,23.07,"Gulfport-Biloxi, MS",MS,High (40-49%),25060.0,863.0,25060.0,0.31904158,3,20.619999999999997,60.05,147.0,17.03,10.887941478476757,45.82,-0.2
185,"Gulfport-Biloxi, MS Metro Area",53527,4097,3151,4823,12349,1010,58287,25060,24420,12349,45.62,23.07,"Gulfport-Biloxi, MS",MS,High (40-49%),25060.0,846.0,25060.0,0.31904158,3,20.619999999999997,60.05,164.0,19.39,10.887941478476757,45.82,-0.2
186,"Gulfport-Biloxi, MS Metro Area",53527,4097,3151,4823,12349,1010,58287,25060,24420,12349,45.62,23.07,"Gulfport-Biloxi, MS",MS,High (40-49%),25060.0,705.0,25060.0,0.31904158,3,20.619999999999997,60.05,305.0,43.26,10.887941478476757,45.76,-0.14
187,"Hagerstown-Martinsburg, MD-WV Metro Area",33481,3210,2229,2111,6589,1076,72751,25180,14139,6589,42.23,19.68,"Hagerstown-Martinsburg, MD-WV",MD,High (40-49%),25180.0,972.0,25180.0,0.6370265,1,17.229999999999997,50.17,104.0,10.7,10.41873339273561,42.26,-0.03
188,"Hagerstown-Martinsburg, MD-WV Metro Area",33481,3210,2229,2111,6589,1076,72751,25180,14139,6589,42.23,19.68,"Hagerstown-Martinsburg, MD-WV",MD,High (40-49%),25180.0,991.0,25180.0,0.6370265,1,17.229999999999997,50.17,85.0,8.58,10.41873339273561,42.27,-0.04
189,"Hagerstown-Martinsburg, MD-WV Metro Area",33481,3210,2229,2111,6589,1076,72751,25180,14139,6589,42.23,19.68,"Hagerstown-Martinsburg, MD-WV",MD,High (40-49%),25180.0,785.0,25180.0,0.6370265,1,17.229999999999997,50.17,291.0,37.07,10.41873339273561,42.2,0.03
191,"Hanford-Corcoran, CA Metro Area",19670,1818,1139,1632,3936,1201,68540,25260,8525,3936,43.34,20.01,"Hanford-Corcoran, CA",CA,High (40-49%),25260.0,1162.0,25260.0,0.79827416,1,18.340000000000003,53.41,39.0,3.36,9.886849911383104,42.53,0.81
193,"Harrisonburg, VA Metro Area",18435,1345,754,1085,4037,1068,66823,25500,7221,4037,39.17,21.9,"Harrisonburg, VA",VA,Moderate (30-39%),25500.0,951.0,25500.0,-0.0032686442,2,14.170000000000002,41.26,117.0,12.3,9.822006310668245,44.04,-4.87
194,"Hartford-East Hartford-Middletown, CT Metro Area",160785,13422,9970,13016,39299,1297,89371,25540,75707,39299,47.09,24.44,"Hartford-East Hartford-Middletown, CT",CT,High (40-49%),25540.0,1302.0,25540.0,0.16507733,14,22.090000000000003,64.33,-5.0,-0.38,11.98782334779373,47.62,-0.53
195,"Hartford-East Hartford-Middletown, CT Metro Area",160785,13422,9970,13016,39299,1297,89371,25540,75707,39299,47.09,24.44,"Hartford-East Hartford-Middletown, CT",CT,High (40-49%),25540.0,1441.0,25540.0,0.16507733,14,22.090000000000003,64.33,-144.0,-9.99,11.98782334779373,47.64,-0.55
198,"Hickory-Lenoir-Morganton, NC Metro Area",37822,2841,1802,2657,5711,797,57943,25860,13011,5711,34.4,15.1,"Hickory-Lenoir-Morganton, NC",NC,Moderate (30-39%),25860.0,724.0,25860.0,0.29314172,6,9.399999999999999,27.37,73.0,10.08,10.540646222887219,37.27,-2.87
200,"Hinesville, GA Metro Area",14091,1359,1266,933,2653,1146,55427,25980,6211,2653,44.08,18.83,"Hinesville, GA",GA,High (40-49%),25980.0,1016.0,25980.0,-0.5431107,1,19.08,55.56,130.0,12.8,9.553291574695105,40.4,3.68
201,"Homosassa Springs, FL Metro Area",9890,750,631,668,2710,1000,52569,26140,4759,2710,48.12,27.4,"Homosassa Springs, FL",FL,High (40-49%),26140.0,943.0,26140.0,0.07367842,2,23.119999999999997,67.33,57.0,6.04,9.199279424616758,49.7,-1.58
204,"Houston-The Woodlands-Sugar Land, TX Metro Area",982172,84560,68827,88772,230882,1301,78061,26420,473041,230882,48.16,23.51,"Houston-The Woodlands-Sugar Land, TX",TX,High (40-49%),26420.0,1179.0,26420.0,-0.12667127,16,23.159999999999997,67.44,122.0,10.35,13.797521724748641,47.09,1.07
205,"Houston-The Woodlands-Sugar Land, TX Metro Area",982172,84560,68827,88772,230882,1301,78061,26420,473041,230882,48.16,23.51,"Houston-The Woodlands-Sugar Land, TX",TX,High (40-49%),26420.0,1208.0,26420.0,-0.12667127,16,23.159999999999997,67.44,93.0,7.7,13.797521724748641,47.09,1.07
206,"Huntington-Ashland, WV-KY-OH Metro Area",38131,2535,1718,2428,9013,840,55964,26580,15694,9013,41.16,23.64,"Huntington-Ashland, WV-KY-OH",WV,High (40-49%),26580.0,674.0,26580.0,-0.4860327,1,16.159999999999997,47.06,166.0,24.63,10.548782878576425,45.84,-4.68
207,"Huntington-Ashland, WV-KY-OH Metro Area",38131,2535,1718,2428,9013,840,55964,26580,15694,9013,41.16,23.64,"Huntington-Ashland, WV-KY-OH",WV,High (40-49%),26580.0,791.0,26580.0,-0.4860327,1,16.159999999999997,47.06,49.0,6.19,10.548782878576425,45.89,-4.73
208,"Huntington-Ashland, WV-KY-OH Metro Area",38131,2535,1718,2428,9013,840,55964,26580,15694,9013,41.16,23.64,"Huntington-Ashland, WV-KY-OH",WV,High (40-49%),26580.0,940.0,26580.0,-0.4860327,1,16.159999999999997,47.06,-100.0,-10.64,10.548782878576425,45.93,-4.77
209,"Huntsville, AL Metro Area",59628,4757,3165,3962,11477,1016,78521,26620,23361,11477,39.18,19.25,"Huntsville, AL",AL,Moderate (30-39%),26620.0,897.0,26620.0,-0.1459877,1,14.18,41.29,119.0,13.27,10.99588054139032,41.57,-2.39
211,"Indianapolis-Carmel-Anderson, IN Metro Area",277043,24989,17508,22355,59637,1081,73571,26900,124489,59637,44.93,21.53,"Indianapolis-Carmel-Anderson, IN",IN,High (40-49%),26900.0,796.0,26900.0,0.23224421,14,19.93,58.04,285.0,35.8,12.531928007778863,44.68,0.25
212,"Indianapolis-Carmel-Anderson, IN Metro Area",277043,24989,17508,22355,59637,1081,73571,26900,124489,59637,44.93,21.53,"Indianapolis-Carmel-Anderson, IN",IN,High (40-49%),26900.0,939.0,26900.0,0.23224421,14,19.93,58.04,142.0,15.12,12.531928007778863,44.73,0.2
213,"Iowa City, IA Metro Area",27631,2307,1646,2497,7800,1057,72680,26980,14250,7800,51.57,28.23,"Iowa City, IA",IA,Very High (50%+),26980.0,1063.0,26980.0,0.29484525,1,26.57,77.37,-6.0,-0.56,10.226693609806864,51.08,0.49
214,"Ithaca, NY Metro Area",19656,1433,1113,1345,6710,1320,69995,27060,10601,6710,53.93,34.14,"Ithaca, NY",NY,Very High (50%+),27060.0,1365.0,27060.0,-0.11722026,3,28.93,84.25,-45.0,-3.3,9.886137914201015,56.99,-3.06
215,"Jackson, MI Metro Area",15865,1015,977,1251,3545,920,62581,27100,6788,3545,42.79,22.34,"Jackson, MI",MI,High (40-49%),27100.0,866.0,27100.0,-0.35429606,6,17.79,51.81,54.0,6.24,9.671870704017296,44.28,-1.49
216,"Jackson, MS Metro Area",73060,7095,4495,5919,16515,1012,60085,27140,34024,16515,46.57,22.6,"Jackson, MS",MS,High (40-49%),27140.0,705.0,27140.0,0.5731679,4,21.57,62.81,307.0,43.55,11.199036300349274,45.51,1.06
217,"Jackson, MS Metro Area",73060,7095,4495,5919,16515,1012,60085,27140,34024,16515,46.57,22.6,"Jackson, MS",MS,High (40-49%),27140.0,947.0,27140.0,0.5731679,4,21.57,62.81,65.0,6.86,11.199036300349274,45.6,0.97
220,"Jacksonville, FL Metro Area",212834,21820,13506,20475,48767,1315,73194,27260,104568,48767,49.13,22.91,"Jacksonville, FL",FL,High (40-49%),27260.0,1188.0,27260.0,-0.06702027,4,24.130000000000003,70.27,127.0,10.69,12.26826779812314,45.94,3.19
221,"Jacksonville, NC Metro Area",29164,2777,1283,3024,6311,1132,59976,27340,13395,6311,45.93,21.64,"Jacksonville, NC",NC,High (40-49%),27340.0,876.0,27340.0,0.5151932,2,20.93,60.95,256.0,29.22,10.28069035092632,44.17,1.76
223,"Jefferson City, MO Metro Area",15701,1084,870,895,2237,776,70195,27620,5086,2237,32.39,14.25,"Jefferson City, MO",MO,Moderate (30-39%),27620.0,694.0,27620.0,-0.60782224,2,7.390000000000001,21.52,82.0,11.82,9.661479683575521,35.56,-3.17
224,"Johnson City, TN Metro Area",28283,1890,1434,2392,5271,845,54217,27740,10987,5271,38.85,18.64,"Johnson City, TN",TN,Moderate (30-39%),27740.0,781.0,27740.0,-0.87145364,4,13.850000000000001,40.33,64.0,8.19,10.250016196420983,40.27,-1.42
225,"Johnstown, PA Metro Area",13453,812,570,867,2810,700,54221,27780,5059,2810,37.6,20.89,"Johnstown, PA",PA,Moderate (30-39%),27780.0,757.0,27780.0,1.1403313,1,12.600000000000001,36.69,-57.0,-7.53,9.506957408485542,43.54,-5.94
229,"Kalamazoo-Portage, MI Metro Area",38068,3117,2225,3801,8631,994,67905,28020,17774,8631,46.69,22.67,"Kalamazoo-Portage, MI",MI,High (40-49%),28020.0,879.0,28020.0,-0.76186293,6,21.689999999999998,63.16,115.0,13.08,10.547129313192235,44.69,2.0
230,"Kankakee, IL Metro Area",12957,1259,694,1230,2953,1025,65489,28100,6136,2953,47.36,22.79,"Kankakee, IL",IL,High (40-49%),28100.0,978.0,28100.0,-0.777055,1,22.36,65.11,47.0,4.81,9.469391461628812,44.45,2.91
231,"Kansas City, MO-KS Metro Area",301048,24771,17753,24040,60109,1148,78827,28140,126673,60109,42.08,19.97,"Kansas City, MO-KS",MO,High (40-49%),28140.0,1030.0,28140.0,-0.08467384,17,17.08,49.74,118.0,11.46,12.61502499945581,42.94,-0.86
232,"Kennewick-Richland, WA Metro Area",32651,2991,2033,3232,6050,1157,82146,28420,14306,6050,43.81,18.53,"Kennewick-Richland, WA",WA,High (40-49%),28420.0,1060.0,28420.0,-0.16716409,3,18.810000000000002,54.78,97.0,9.15,10.393630762106916,40.6,3.21
233,"Killeen-Temple, TX Metro Area",73297,6831,5090,6909,14302,1084,63394,28660,33132,14302,45.2,19.51,"Killeen-Temple, TX",TX,High (40-49%),28660.0,815.0,28660.0,0.72338116,1,20.200000000000003,58.82,269.0,33.01,11.202274959342775,42.35,2.85
234,"Kingsport-Bristol, TN-VA Metro Area",33585,2346,1497,2339,5497,778,53644,28700,11679,5497,34.77,16.37,"Kingsport-Bristol, TN-VA",TN,Moderate (30-39%),28700.0,702.0,28700.0,-0.55530924,2,9.770000000000003,28.45,76.0,10.83,10.421834817700965,38.1,-3.33
235,"Kingston, NY Metro Area",22290,1693,1682,1507,6267,1269,77197,28740,11149,6267,50.02,28.12,"Kingston, NY",NY,Very High (50%+),28740.0,1364.0,28740.0,0.7546482,6,25.020000000000003,72.86,-95.0,-6.96,10.011893426379915,51.16,-1.14
236,"Knoxville, TN Metro Area",107636,8792,5562,8903,21425,1012,66715,28940,44682,21425,41.51,19.91,"Knoxville, TN",TN,High (40-49%),28940.0,980.0,28940.0,0.7886919,2,16.509999999999998,48.08,32.0,3.27,11.586510443243633,43.02,-1.51
237,"Kokomo, IN Metro Area",9905,753,580,614,2004,855,62014,29020,3951,2004,39.89,20.23,"Kokomo, IN",IN,Moderate (30-39%),29020.0,738.0,29020.0,-0.39628968,1,14.89,43.36,117.0,15.85,9.20079495913265,41.83,-1.94
238,"La Crosse-Onalaska, WI-MN Metro Area",20356,1586,803,1526,4621,977,69043,29100,8536,4621,41.93,22.7,"La Crosse-Onalaska, WI-MN",WI,High (40-49%),29100.0,930.0,29100.0,0.34532517,2,16.93,49.3,47.0,5.05,9.921130987708723,45.13,-3.2
239,"Lafayette, LA Metro Area",57602,3533,3522,5090,12661,918,58150,29180,24806,12661,43.06,21.98,"Lafayette, LA",LA,High (40-49%),29180.0,890.0,29180.0,1.6623235,1,18.060000000000002,52.59,28.0,3.15,10.961312568303402,45.47,-2.41
240,"Lafayette-West Lafayette, IN Metro Area",37533,3624,2153,3149,9723,1004,57188,29200,18649,9723,49.69,25.91,"Lafayette-West Lafayette, IN",IN,High (40-49%),29200.0,981.0,29200.0,0.36507016,1,24.689999999999998,71.9,23.0,2.34,10.53297582498551,48.76,0.93
241,"Lafayette-West Lafayette, IN Metro Area",37533,3624,2153,3149,9723,1004,57188,29200,18649,9723,49.69,25.91,"Lafayette-West Lafayette, IN",IN,High (40-49%),29200.0,786.0,29200.0,0.36507016,1,24.689999999999998,71.9,218.0,27.74,10.53297582498551,48.7,0.99
242,"Lake Charles, LA Metro Area",22674,1645,1076,1480,5210,1025,64764,29340,9411,5210,41.51,22.98,"Lake Charles, LA",LA,High (40-49%),29340.0,884.0,29340.0,-1.3629411,3,16.509999999999998,48.08,141.0,15.95,10.028974172577543,44.5,-2.99
243,"Lake Havasu City-Kingman, AZ Metro Area",26102,2071,1821,2347,4771,976,53592,29420,11010,4771,42.18,18.28,"Lake Havasu City-Kingman, AZ",AZ,High (40-49%),29420.0,969.0,29420.0,-1.9364059,1,17.18,50.03,7.0,0.72,10.169767218727474,39.3,2.88
244,"Lakeland-Winter Haven, FL Metro Area",79810,6298,5465,6961,18607,1192,60901,29460,37331,18607,46.77,23.31,"Lakeland-Winter Haven, FL",FL,High (40-49%),29460.0,1056.0,29460.0,0.47595665,3,21.770000000000003,63.4,136.0,12.88,11.287404088870055,46.32,0.45
245,"Lancaster, PA Metro Area",62803,4738,4363,5022,13435,1221,81458,29540,27558,13435,43.88,21.39,"Lancaster, PA",PA,High (40-49%),29540.0,1148.0,29540.0,-0.5673221,14,18.880000000000003,54.98,73.0,6.36,11.047758122015944,43.64,0.24
246,"Lansing-East Lansing, MI Metro Area",71157,5256,4128,6086,17311,1007,68270,29620,32781,17311,46.07,24.33,"Lansing-East Lansing, MI",MI,High (40-49%),29620.0,936.0,29620.0,-0.36151978,9,21.07,61.36,71.0,7.59,11.172643982375057,46.9,-0.83
247,"Lansing-East Lansing, MI Metro Area",71157,5256,4128,6086,17311,1007,68270,29620,32781,17311,46.07,24.33,"Lansing-East Lansing, MI",MI,High (40-49%),29620.0,770.0,29620.0,-0.36151978,9,21.07,61.36,237.0,30.78,11.172643982375057,46.85,-0.78
251,"Lawrence, KS Metro Area",24601,1982,1641,1861,6779,1041,66153,29940,12263,6779,49.85,27.56,"Lawrence, KS",KS,High (40-49%),29940.0,937.0,29940.0,-0.45913994,2,24.85,72.36,104.0,11.1,10.110542371500753,49.88,-0.03
252,"Lawton, OK Metro Area",20560,1615,1134,1343,4046,898,57196,30020,8138,4046,39.58,19.68,"Lawton, OK",OK,Moderate (30-39%),30020.0,771.0,30020.0,-0.4728774,1,14.579999999999998,42.46,127.0,16.47,9.931102719569102,41.46,-1.88
253,"Lebanon, PA Metro Area",15717,1423,749,1535,3323,1023,72532,30140,7030,3323,44.73,21.14,"Lebanon, PA",PA,High (40-49%),30140.0,989.0,30140.0,-0.2505361,4,19.729999999999997,57.45,34.0,3.44,9.662498208076329,43.07,1.66
255,"Lewiston-Auburn, ME Metro Area",15375,1324,913,1256,2930,916,64500,30340,6423,2930,41.78,19.06,"Lewiston-Auburn, ME",ME,High (40-49%),30340.0,999.0,30340.0,-0.8637123,4,16.78,48.86,-83.0,-8.31,9.640498092674719,40.55,1.23
256,"Lexington-Fayette, KY Metro Area",83906,7591,4763,6449,18413,1032,68089,30460,37216,18413,44.35,21.94,"Lexington-Fayette, KY",KY,High (40-49%),30460.0,912.0,30460.0,-0.25640202,1,19.35,56.35,120.0,13.16,11.337452403605107,44.48,-0.13
257,"Lima, OH Metro Area",13241,981,929,655,2414,844,58976,30620,4979,2414,37.6,18.23,"Lima, OH",OH,Moderate (30-39%),30620.0,767.0,30620.0,0.07468383,1,12.600000000000001,36.69,77.0,10.04,9.491073355339758,40.09,-2.49
259,"Little Rock-North Little Rock-Conway, AR Metro Area",108514,9169,5812,8018,23729,964,62664,30780,46728,23729,43.06,21.87,"Little Rock-North Little Rock-Conway, AR",AR,High (40-49%),30780.0,833.0,30780.0,-0.7367045,3,18.060000000000002,52.59,131.0,15.73,11.59463447589677,44.22,-1.16
260,"Logan, UT-ID Metro Area",16026,1147,1019,1347,3445,1011,71739,30860,6958,3445,43.42,21.5,"Logan, UT-ID",UT,High (40-49%),30860.0,877.0,30860.0,0.3605148,1,18.42,53.64,134.0,15.28,9.681967682338016,43.76,-0.34
261,"Longview, TX Metro Area",32480,2591,1861,2588,6869,975,62910,30980,13909,6869,42.82,21.15,"Longview, TX",TX,High (40-49%),30980.0,899.0,30980.0,0.119194634,2,17.82,51.89,76.0,8.45,10.388379794275615,43.53,-0.71
262,"Longview, TX Metro Area",32480,2591,1861,2588,6869,975,62910,30980,13909,6869,42.82,21.15,"Longview, TX",TX,High (40-49%),30980.0,924.0,30980.0,0.119194634,2,17.82,51.89,51.0,5.52,10.388379794275615,43.53,-0.71
263,"Longview, WA Metro Area",14503,1396,1139,1293,3091,1090,70912,31020,6919,3091,47.71,21.31,"Longview, WA",WA,High (40-49%),31020.0,1055.0,31020.0,-0.2354311,2,22.71,66.13,35.0,3.32,9.58211080356025,43.23,4.48
264,"Los Angeles-Long Beach-Anaheim, CA Metro Area",2274256,204481,152113,220105,655811,1892,89105,31080,1232510,655811,54.19,28.84,"Los Angeles-Long Beach-Anaheim, CA",CA,Very High (50%+),31080.0,2044.0,31080.0,0.6716201,48,29.189999999999998,85.0,-152.0,-7.44,14.637163523913213,53.51,0.68
265,"Los Angeles-Long Beach-Anaheim, CA Metro Area",2274256,204481,152113,220105,655811,1892,89105,31080,1232510,655811,54.19,28.84,"Los Angeles-Long Beach-Anaheim, CA",CA,Very High (50%+),31080.0,2324.0,31080.0,0.6716201,48,29.189999999999998,85.0,-432.0,-18.59,14.637163523913213,53.53,0.66
266,"Louisville/Jefferson County, KY-IN Metro Area",165320,13208,10331,12369,33057,1017,69771,31140,68965,33057,41.72,20.0,"Louisville/Jefferson County, KY-IN",KY,High (40-49%),31140.0,960.0,31140.0,-0.14844114,7,16.72,48.69,57.0,5.94,12.015638268625668,42.74,-1.02
268,"Lynchburg, VA Metro Area",30265,2311,1585,2337,6269,920,64307,31340,12502,6269,41.31,20.71,"Lynchburg, VA",VA,High (40-49%),31340.0,863.0,31340.0,-0.5390812,2,16.310000000000002,47.5,57.0,6.6,10.317747208325788,42.68,-1.37
271,"Madison, WI Metro Area",113175,9339,5995,8721,24090,1228,82996,31540,48145,24090,42.54,21.29,"Madison, WI",WI,High (40-49%),31540.0,1254.0,31540.0,0.52530056,13,17.54,51.08,-26.0,-2.07,11.63669057230416,44.36,-1.82
272,"Manchester-Nashua, NH Metro Area",54683,6071,3725,4556,11103,1444,95112,31700,25455,11103,46.55,20.3,"Manchester-Nashua, NH",NH,High (40-49%),31700.0,1413.0,31700.0,-0.18944965,6,21.549999999999997,62.75,31.0,2.19,10.90930815400003,42.66,3.89
273,"Manhattan, KS Metro Area",24512,1867,1322,2565,5894,1056,61270,31740,11648,5894,47.52,24.05,"Manhattan, KS",KS,High (40-49%),31740.0,883.0,31740.0,-0.8804607,2,22.520000000000003,65.58,173.0,19.59,10.106918072540317,45.92,1.6
274,"Manhattan, KS Metro Area",24512,1867,1322,2565,5894,1056,61270,31740,11648,5894,47.52,24.05,"Manhattan, KS",KS,High (40-49%),31740.0,907.0,31740.0,-0.8804607,2,22.520000000000003,65.58,149.0,16.43,10.106918072540317,45.92,1.6
275,"Mankato, MN Metro Area",13803,1120,618,1158,3084,978,73472,31860,5980,3084,43.32,22.34,"Mankato, MN",MN,High (40-49%),31860.0,992.0,31860.0,0.35697746,1,18.32,53.35,-14.0,-1.41,9.532641238823578,44.64,-1.32
276,"Mansfield, OH Metro Area",15876,1381,785,1287,3178,768,56557,31900,6631,3178,41.77,20.02,"Mansfield, OH",OH,High (40-49%),31900.0,738.0,31900.0,-0.20430519,1,16.770000000000003,48.84,30.0,4.07,9.672563813902956,41.91,-0.14
277,"McAllen-Edinburg-Mission, TX Metro Area",82786,5786,5065,5774,20962,875,49371,32580,37587,20962,45.4,25.32,"McAllen-Edinburg-Mission, TX",TX,High (40-49%),32580.0,817.0,32580.0,0.5579525,5,20.4,59.41,58.0,7.1,11.324014243951753,48.51,-3.11
278,"Medford, OR Metro Area",31425,2766,2109,2994,7476,1208,67690,32780,15345,7476,48.83,23.79,"Medford, OR",OR,High (40-49%),32780.0,1195.0,32780.0,0.10895901,2,23.83,69.39,13.0,1.09,10.355359033458448,46.32,2.51
279,"Memphis, TN-MS-AR Metro Area",200672,16680,13125,17048,50850,1091,62178,32820,97703,50850,48.69,25.34,"Memphis, TN-MS-AR",TN,High (40-49%),32820.0,912.0,32820.0,0.312072,3,23.689999999999998,68.99,179.0,19.63,12.209427013342747,48.68,0.01
280,"Merced, CA Metro Area",38604,3044,2342,3208,8142,1200,64772,32900,16736,8142,43.35,21.09,"Merced, CA",CA,High (40-49%),32900.0,1120.0,32900.0,0.36497572,3,18.35,53.44,80.0,7.14,10.561111177027026,43.66,-0.31
281,"Miami-Fort Lauderdale-Pompano Beach, FL Metro Area",914000,84774,67073,99492,291059,1657,69085,33100,542398,291059,59.34,31.84,"Miami-Fort Lauderdale-Pompano Beach, FL",FL,Very High (50%+),33100.0,1556.0,33100.0,0.40210894,35,34.34,100.0,101.0,6.49,13.725585850436287,56.18,3.16
282,"Miami-Fort Lauderdale-Pompano Beach, FL Metro Area",914000,84774,67073,99492,291059,1657,69085,33100,542398,291059,59.34,31.84,"Miami-Fort Lauderdale-Pompano Beach, FL",FL,Very High (50%+),33100.0,1672.0,33100.0,0.40210894,35,34.34,100.0,-15.0,-0.9,13.725585850436287,56.2,3.14
283,"Miami-Fort Lauderdale-Pompano Beach, FL Metro Area",914000,84774,67073,99492,291059,1657,69085,33100,542398,291059,59.34,31.84,"Miami-Fort Lauderdale-Pompano Beach, FL",FL,Very High (50%+),33100.0,1578.0,33100.0,0.40210894,35,34.34,100.0,79.0,5.01,13.725585850436287,56.18,3.16
285,"Midland, MI Metro Area",7567,632,441,637,1623,931,73643,33220,3333,1623,44.05,21.45,"Midland, MI",MI,High (40-49%),33220.0,870.0,33220.0,-0.6628738,1,19.049999999999997,55.47,61.0,7.01,8.931551966694522,42.9,1.15
286,"Midland, TX Metro Area",22281,1953,883,1647,4808,1366,89345,33260,9291,4808,41.7,21.58,"Midland, TX",TX,High (40-49%),33260.0,1433.0,33260.0,-0.51738,1,16.700000000000003,48.63,-67.0,-4.68,10.011489576337405,43.53,-1.83
287,"Milwaukee-Waukesha, WI Metro Area",258417,20101,15581,21294,59978,1052,72937,33340,116954,59978,45.26,23.21,"Milwaukee-Waukesha, WI",WI,High (40-49%),33340.0,999.0,33340.0,0.035025574,22,20.259999999999998,59.0,53.0,5.31,12.462329838200235,46.4,-1.14
288,"Minneapolis-St. Paul-Bloomington, MN-WI Metro Area",418397,37939,27111,33426,91113,1324,94673,33460,189589,91113,45.31,21.78,"Minneapolis-St. Paul-Bloomington, MN-WI",MN,High (40-49%),33460.0,1329.0,33460.0,-0.10731051,48,20.310000000000002,59.14,-5.0,-0.38,12.94418602153506,44.99,0.32
290,"Mobile, AL Metro Area",58909,5280,3357,4416,14635,970,55247,33660,27688,14635,47.0,24.84,"Mobile, AL",AL,High (40-49%),33660.0,861.0,33660.0,0.41579157,1,22.0,64.07,109.0,12.66,10.983749159324974,47.79,-0.79
291,"Mobile, AL Metro Area",58909,5280,3357,4416,14635,970,55247,33660,27688,14635,47.0,24.84,"Mobile, AL",AL,High (40-49%),33660.0,705.0,33660.0,0.41579157,1,22.0,64.07,265.0,37.59,10.983749159324974,47.73,-0.73
292,"Modesto, CA Metro Area",69388,5121,4523,6318,18004,1433,74872,33700,33966,18004,48.95,25.95,"Modesto, CA",CA,High (40-49%),33700.0,1250.0,33700.0,0.23608983,3,23.950000000000003,69.74,183.0,14.64,11.1474692208813,48.92,0.03
295,"Monroe, MI Metro Area",11974,922,966,1330,2370,996,72573,33780,5588,2370,46.67,19.79,"Monroe, MI",MI,High (40-49%),33780.0,941.0,33780.0,-0.12112001,1,21.67,63.1,55.0,5.84,9.390492911485298,41.61,5.06
296,"Montgomery, AL Metro Area",52121,3142,2820,4205,12795,1032,60849,33860,22962,12795,44.06,24.55,"Montgomery, AL",AL,High (40-49%),33860.0,914.0,33860.0,-0.033128656,2,19.060000000000002,55.5,118.0,12.91,10.861323217547433,47.2,-3.14
298,"Morristown, TN Metro Area",15729,1271,947,1249,3039,803,52913,34100,6506,3039,41.36,19.32,"Morristown, TN",TN,High (40-49%),34100.0,699.0,34100.0,0.3694649,2,16.36,47.64,104.0,14.88,9.663261421240643,41.46,-0.1
299,"Morristown, TN Metro Area",15729,1271,947,1249,3039,803,52913,34100,6506,3039,41.36,19.32,"Morristown, TN",TN,High (40-49%),34100.0,763.0,34100.0,0.3694649,2,16.36,47.64,40.0,5.24,9.663261421240643,41.48,-0.12
302,"Muskegon, MI Metro Area",15135,1077,861,1532,3377,915,61347,34740,6847,3377,45.24,22.31,"Muskegon, MI",MI,High (40-49%),34740.0,855.0,34740.0,-1.093383,6,20.240000000000002,58.94,60.0,7.02,9.624765221455819,43.82,1.42
303,"Myrtle Beach-Conway-North Myrtle Beach, SC-NC Metro Area",45220,3528,3000,3539,10755,1138,63296,34820,20822,10755,46.05,23.78,"Myrtle Beach-Conway-North Myrtle Beach, SC-NC",SC,High (40-49%),34820.0,926.0,34820.0,0.08418377,5,21.049999999999997,61.3,212.0,22.89,10.719294745831961,46.37,-0.32
304,"Myrtle Beach-Conway-North Myrtle Beach, SC-NC Metro Area",45220,3528,3000,3539,10755,1138,63296,34820,20822,10755,46.05,23.78,"Myrtle Beach-Conway-North Myrtle Beach, SC-NC",SC,High (40-49%),34820.0,1062.0,34820.0,0.08418377,5,21.049999999999997,61.3,76.0,7.16,10.719294745831961,46.41,-0.36
305,"Napa, CA Metro Area",17142,1616,1223,1726,4101,2037,105809,34900,8666,4101,50.55,23.92,"Napa, CA",CA,Very High (50%+),34900.0,2164.0,34900.0,1.5636082,3,25.549999999999997,74.4,-127.0,-5.87,9.749286871458828,47.06,3.49
306,"Naples-Marco Island, FL Metro Area",39406,3569,2844,4146,12075,1599,82011,34940,22634,12075,57.44,30.64,"Naples-Marco Island, FL",FL,Very High (50%+),34940.0,1583.0,34940.0,0.81100416,1,32.44,94.47,16.0,1.01,10.581673367955913,54.04,3.4
307,"Nashville-Davidson--Murfreesboro--Franklin, TN Metro Area",263142,25191,18578,22155,55674,1346,79020,34980,121598,55674,46.21,21.16,"Nashville-Davidson--Murfreesboro--Franklin, TN",TN,High (40-49%),34980.0,1253.0,34980.0,0.058585305,12,21.21,61.76,93.0,7.42,12.48044908940778,44.24,1.97
309,"New Haven-Milford, CT Metro Area",130041,10046,7972,12075,33639,1339,81544,35300,63732,33639,49.01,25.87,"New Haven-Milford, CT",CT,High (40-49%),35300.0,1456.0,35300.0,-0.66475266,5,24.009999999999998,69.92,-117.0,-8.04,11.775605064329831,48.62,0.39
310,"New Haven-Milford, CT Metro Area",130041,10046,7972,12075,33639,1339,81544,35300,63732,33639,49.01,25.87,"New Haven-Milford, CT",CT,High (40-49%),35300.0,1447.0,35300.0,-0.66475266,5,24.009999999999998,69.92,-108.0,-7.46,11.775605064329831,48.62,0.39
311,"New Haven-Milford, CT Metro Area",130041,10046,7972,12075,33639,1339,81544,35300,63732,33639,49.01,25.87,"New Haven-Milford, CT",CT,High (40-49%),35300.0,1190.0,35300.0,-0.66475266,5,24.009999999999998,69.92,149.0,12.52,11.775605064329831,48.57,0.44
312,"New Orleans-Metairie, LA Metro Area",180427,14495,10095,15177,51209,1151,62748,35380,90976,51209,50.42,28.38,"New Orleans-Metairie, LA",LA,Very High (50%+),35380.0,1089.0,35380.0,-0.091757596,3,25.42,74.02,62.0,5.69,12.103081542817376,51.67,-1.25
313,"New York-Newark-Jersey City, NY-NJ-PA Metro Area",3534346,303382,217182,285723,934670,1711,93610,35620,1740957,934670,49.26,26.45,"New York-Newark-Jersey City, NY-NJ-PA",NY,High (40-49%),35620.0,1736.0,35620.0,1.0127729,57,24.259999999999998,70.65,-25.0,-1.44,15.078038833124754,51.31,-2.05
314,"New York-Newark-Jersey City, NY-NJ-PA Metro Area",3534346,303382,217182,285723,934670,1711,93610,35620,1740957,934670,49.26,26.45,"New York-Newark-Jersey City, NY-NJ-PA",NY,High (40-49%),35620.0,1972.0,35620.0,1.0127729,57,24.259999999999998,70.65,-261.0,-13.24,15.078038833124754,51.34,-2.08
315,"New York-Newark-Jersey City, NY-NJ-PA Metro Area",3534346,303382,217182,285723,934670,1711,93610,35620,1740957,934670,49.26,26.45,"New York-Newark-Jersey City, NY-NJ-PA",NY,High (40-49%),35620.0,1851.0,35620.0,1.0127729,57,24.259999999999998,70.65,-140.0,-7.56,15.078038833124754,51.32,-2.06
316,"New York-Newark-Jersey City, NY-NJ-PA Metro Area",3534346,303382,217182,285723,934670,1711,93610,35620,1740957,934670,49.26,26.45,"New York-Newark-Jersey City, NY-NJ-PA",NY,High (40-49%),35620.0,1558.0,35620.0,1.0127729,57,24.259999999999998,70.65,153.0,9.82,15.078038833124754,51.28,-2.02
317,"New York-Newark-Jersey City, NY-NJ-PA Metro Area",3534346,303382,217182,285723,934670,1711,93610,35620,1740957,934670,49.26,26.45,"New York-Newark-Jersey City, NY-NJ-PA",NY,High (40-49%),35620.0,2065.0,35620.0,1.0127729,57,24.259999999999998,70.65,-354.0,-17.14,15.078038833124754,51.35,-2.09
318,"New York-Newark-Jersey City, NY-NJ-PA Metro Area",3534346,303382,217182,285723,934670,1711,93610,35620,1740957,934670,49.26,26.45,"New York-Newark-Jersey City, NY-NJ-PA",NY,High (40-49%),35620.0,2340.0,35620.0,1.0127729,57,24.259999999999998,70.65,-629.0,-26.88,15.078038833124754,51.37,-2.11
319,"New York-Newark-Jersey City, NY-NJ-PA Metro Area",3534346,303382,217182,285723,934670,1711,93610,35620,1740957,934670,49.26,26.45,"New York-Newark-Jersey City, NY-NJ-PA",NY,High (40-49%),35620.0,1479.0,35620.0,1.0127729,57,24.259999999999998,70.65,232.0,15.69,15.078038833124754,51.27,-2.01
320,"New York-Newark-Jersey City, NY-NJ-PA Metro Area",3534346,303382,217182,285723,934670,1711,93610,35620,1740957,934670,49.26,26.45,"New York-Newark-Jersey City, NY-NJ-PA",NY,High (40-49%),35620.0,1368.0,35620.0,1.0127729,57,24.259999999999998,70.65,343.0,25.07,15.078038833124754,51.24,-1.98
321,"Niles, MI Metro Area",17153,1573,947,1161,4141,885,60379,35660,7822,4141,45.6,24.14,"Niles, MI",MI,High (40-49%),35660.0,845.0,35660.0,0.023091221,5,20.6,59.99,40.0,4.73,9.749928364409826,46.42,-0.82
322,"North Port-Sarasota-Bradenton, FL Metro Area",88452,7511,5687,8929,23152,1500,74469,35840,45279,23152,51.19,26.17,"North Port-Sarasota-Bradenton, FL",FL,Very High (50%+),35840.0,1385.0,35840.0,0.004376173,4,26.189999999999998,76.27,115.0,8.3,11.39021531097729,49.13,2.06
323,"Norwich-New London, CT Metro Area",34727,3253,1986,2976,7397,1278,84755,35980,15612,7397,44.96,21.3,"Norwich-New London, CT",CT,High (40-49%),35980.0,1318.0,35980.0,-0.09741756,3,19.96,58.12,-40.0,-3.03,10.455272761356362,43.62,1.34
324,"Norwich-New London, CT Metro Area",34727,3253,1986,2976,7397,1278,84755,35980,15612,7397,44.96,21.3,"Norwich-New London, CT",CT,High (40-49%),35980.0,1254.0,35980.0,-0.09741756,3,19.96,58.12,24.0,1.91,10.455272761356362,43.6,1.36
325,"Ocala, FL Metro Area",36475,2924,1932,3055,8277,1092,55265,36100,16188,8277,44.38,22.69,"Ocala, FL",FL,High (40-49%),36100.0,995.0,36100.0,0.099731304,1,19.380000000000003,56.44,97.0,9.75,10.504382373390987,45.18,-0.8
326,"Ocean City, NJ Metro Area",9327,624,648,879,2692,1285,83870,36140,4843,2692,51.92,28.86,"Ocean City, NJ",NJ,Very High (50%+),36140.0,1465.0,36140.0,-0.01058761,1,26.92,78.39,-180.0,-12.29,9.140668698726863,51.22,0.7
328,"Ogden-Clearfield, UT Metro Area",53153,4699,3065,4356,9600,1254,91022,36260,21720,9600,40.86,18.06,"Ogden-Clearfield, UT",UT,High (40-49%),36260.0,1105.0,36260.0,0.7045192,7,15.86,46.19,149.0,13.48,10.88092982620353,40.74,0.12
329,"Oklahoma City, OK Metro Area",199013,15878,11990,15143,43164,1017,67963,36420,86175,43164,43.3,21.69,"Oklahoma City, OK",OK,High (40-49%),36420.0,927.0,36420.0,-0.1832592,6,18.299999999999997,53.29,90.0,9.71,12.201125428206105,44.57,-1.27
331,"Omaha-Council Bluffs, NE-IA Metro Area",128525,11216,8391,10942,25834,1101,79634,36540,56383,25834,43.87,20.1,"Omaha-Council Bluffs, NE-IA",NE,High (40-49%),36540.0,974.0,36540.0,-0.33206502,6,18.869999999999997,54.95,127.0,13.04,11.763878716923706,42.64,1.23
332,"Orlando-Kissimmee-Sanford, FL Metro Area",351799,33106,26784,39476,92263,1530,71551,36740,191629,92263,54.47,26.23,"Orlando-Kissimmee-Sanford, FL",FL,Very High (50%+),36740.0,1422.0,36740.0,0.42231247,8,29.47,85.82,108.0,7.59,12.770815268757394,49.91,4.56
333,"Oshkosh-Neenah, WI Metro Area",24453,2060,1358,1909,3863,880,70041,36780,9190,3863,37.58,15.8,"Oshkosh-Neenah, WI",WI,Moderate (30-39%),36780.0,889.0,36780.0,-0.28853434,2,12.579999999999998,36.63,-9.0,-1.01,10.104508186762567,37.56,0.02
334,"Owensboro, KY Metro Area",14501,1088,841,821,2710,874,64366,36980,5460,2710,37.65,18.69,"Owensboro, KY",KY,Moderate (30-39%),36980.0,843.0,36980.0,-0.54289234,1,12.649999999999999,36.84,31.0,3.68,9.581972891547895,40.28,-2.63
335,"Oxnard-Thousand Oaks-Ventura, CA Metro Area",99078,9858,7022,11154,27435,2140,102141,37100,55469,27435,55.99,27.69,"Oxnard-Thousand Oaks-Ventura, CA",CA,Very High (50%+),37100.0,2218.0,37100.0,0.8531229,6,30.990000000000002,90.24,-78.0,-3.52,11.503662697691043,51.27,4.72
336,"Palm Bay-Melbourne-Titusville, FL Metro Area",57547,5253,3923,5803,14278,1327,71308,37340,29257,14278,50.84,24.81,"Palm Bay-Melbourne-Titusville, FL",FL,Very High (50%+),37340.0,1196.0,37340.0,0.52410173,8,25.840000000000003,75.25,131.0,10.95,10.960357284207447,47.82,3.02
337,"Panama City, FL Metro Area",23470,2929,1849,2305,5250,1311,65999,37460,12333,5250,52.55,22.37,"Panama City, FL",FL,Very High (50%+),37460.0,1170.0,37460.0,-0.8219791,1,27.549999999999997,80.23,141.0,12.05,10.063478288845069,44.17,8.38
340,"Peoria, IL Metro Area",45866,3584,2422,2994,10076,881,67718,37900,19076,10076,41.59,21.97,"Peoria, IL",IL,High (40-49%),37900.0,750.0,37900.0,-0.5875399,3,16.590000000000003,48.31,131.0,17.47,10.733479380823917,44.1,-2.51
341,"Peoria, IL Metro Area",45866,3584,2422,2994,10076,881,67718,37900,19076,10076,41.59,21.97,"Peoria, IL",IL,High (40-49%),37900.0,815.0,37900.0,-0.5875399,3,16.590000000000003,48.31,66.0,8.1,10.733479380823917,44.13,-2.54
342,"Philadelphia-Camden-Wilmington, PA-NJ-DE-MD Metro Area",801034,67081,47871,64507,202087,1347,85555,37980,381546,202087,47.63,25.23,"Philadelphia-Camden-Wilmington, PA-NJ-DE-MD",PA,High (40-49%),37980.0,1298.0,37980.0,0.47731465,49,22.630000000000003,65.9,49.0,3.78,13.593658672090974,49.18,-1.55
343,"Phoenix-Mesa-Chandler, AZ Metro Area",625339,56357,41214,56251,138041,1432,79935,38060,291863,138041,46.67,22.07,"Phoenix-Mesa-Chandler, AZ",AZ,High (40-49%),38060.0,1311.0,38060.0,0.26112372,11,21.67,63.1,121.0,9.23,13.346049181672829,45.62,1.05
345,"Pittsburgh, PA Metro Area",303982,24085,15844,21783,59386,968,71283,38300,121098,59386,39.84,19.54,"Pittsburgh, PA",PA,Moderate (30-39%),38300.0,981.0,38300.0,-0.16185026,56,14.840000000000003,43.21,-13.0,-1.33,12.62472376810903,42.48,-2.64
349,"Portland-South Portland, ME Metro Area",64544,6649,4522,4315,12290,1282,84095,38860,27776,12290,43.03,19.04,"Portland-South Portland, ME",ME,High (40-49%),38860.0,1721.0,38860.0,-0.046575196,16,18.03,52.5,-439.0,-25.51,11.075102440753938,41.53,1.5
350,"Portland-South Portland, ME Metro Area",64544,6649,4522,4315,12290,1282,84095,38860,27776,12290,43.03,19.04,"Portland-South Portland, ME",ME,High (40-49%),38860.0,1485.0,38860.0,-0.046575196,16,18.03,52.5,-203.0,-13.67,11.075102440753938,41.5,1.53
351,"Portland-Vancouver-Hillsboro, OR-WA Metro Area",373026,32528,24911,35750,87747,1577,90451,38900,180936,87747,48.5,23.52,"Portland-Vancouver-Hillsboro, OR-WA",OR,High (40-49%),38900.0,1735.0,38900.0,0.34720773,18,23.5,68.43,-158.0,-9.11,12.829403401290499,47.06,1.44
352,"Port St. Lucie, FL Metro Area",42040,4258,2653,3860,11652,1366,69429,38940,22423,11652,53.34,27.72,"Port St. Lucie, FL",FL,Very High (50%+),38940.0,1275.0,38940.0,-0.26083425,3,28.340000000000003,82.53,91.0,7.14,10.646376824990888,50.36,2.98
355,"Providence-Warwick, RI-MA Metro Area",248944,23050,14908,19264,55253,1165,81136,39300,112475,55253,45.18,22.19,"Providence-Warwick, RI-MA",RI,High (40-49%),39300.0,1114.0,39300.0,1.0172545,14,20.18,58.77,51.0,4.58,12.424983250554744,45.85,-0.67
356,"Providence-Warwick, RI-MA Metro Area",248944,23050,14908,19264,55253,1165,81136,39300,112475,55253,45.18,22.19,"Providence-Warwick, RI-MA",RI,High (40-49%),39300.0,1234.0,39300.0,1.0172545,14,20.18,58.77,-69.0,-5.59,12.424983250554744,45.88,-0.7
357,"Providence-Warwick, RI-MA Metro Area",248944,23050,14908,19264,55253,1165,81136,39300,112475,55253,45.18,22.19,"Providence-Warwick, RI-MA",RI,High (40-49%),39300.0,1433.0,39300.0,1.0172545,14,20.18,58.77,-268.0,-18.7,12.424983250554744,45.91,-0.73
358,"Providence-Warwick, RI-MA Metro Area",248944,23050,14908,19264,55253,1165,81136,39300,112475,55253,45.18,22.19,"Providence-Warwick, RI-MA",RI,High (40-49%),39300.0,1259.0,39300.0,1.0172545,14,20.18,58.77,-94.0,-7.47,12.424983250554744,45.88,-0.7
359,"Provo-Orem, UT Metro Area",59535,5775,3547,5227,11828,1325,91190,39340,26377,11828,44.31,19.87,"Provo-Orem, UT",UT,High (40-49%),39340.0,1041.0,39340.0,0.9057288,4,19.310000000000002,56.23,284.0,27.28,10.994319653885276,42.77,1.54
361,"Punta Gorda, FL Metro Area",14884,1248,992,1546,4299,1206,62164,39460,8085,4299,54.32,28.88,"Punta Gorda, FL",FL,Very High (50%+),39460.0,1142.0,39460.0,-0.5810062,1,29.32,85.38,64.0,5.6,9.608042089466514,51.05,3.27
362,"Racine, WI Metro Area",23759,1948,1135,1817,4893,985,72658,39540,9793,4893,41.22,20.59,"Racine, WI",WI,High (40-49%),39540.0,931.0,39540.0,-0.32482994,4,16.22,47.23,54.0,5.8,10.075716685048787,42.58,-1.36
363,"Raleigh-Cary, NC Metro Area",178143,16608,11204,14839,35888,1366,91818,39580,78539,35888,44.09,20.15,"Raleigh-Cary, NC",NC,High (40-49%),39580.0,1223.0,39580.0,0.08083399,8,19.090000000000003,55.59,143.0,11.69,12.090341877531158,43.04,1.05
364,"Rapid City, SD Metro Area",16906,2113,1306,1227,2599,1014,68363,39660,7245,2599,42.85,15.37,"Rapid City, SD",SD,High (40-49%),39660.0,915.0,39660.0,-0.29290032,2,17.85,51.98,99.0,10.82,9.735423867488873,36.95,5.9
365,"Reading, PA Metro Area",47009,4199,2726,4571,10275,1078,74617,39740,21771,10275,46.31,21.86,"Reading, PA",PA,High (40-49%),39740.0,1038.0,39740.0,0.5996836,9,21.310000000000002,62.06,40.0,3.85,10.75809435172215,44.68,1.63
366,"Redding, CA Metro Area",24850,2113,1388,1898,5978,1232,68347,39820,11377,5978,45.78,24.06,"Redding, CA",CA,High (40-49%),39820.0,1255.0,39820.0,-0.8100553,1,20.78,60.51,-23.0,-1.83,10.120613031524774,46.02,-0.24
367,"Reno, NV Metro Area",79800,7549,5565,8124,17091,1400,81576,39900,38329,17091,48.03,21.42,"Reno, NV",NV,High (40-49%),39900.0,1394.0,39900.0,1.0061759,2,23.03,67.06,6.0,0.43,11.2872787834379,44.64,3.39
368,"Richmond, VA Metro Area",171512,15819,11664,14411,40333,1307,80877,40060,82227,40333,47.94,23.52,"Richmond, VA",VA,High (40-49%),40060.0,718.0,40060.0,-1.119644,3,22.939999999999998,66.8,589.0,82.03,12.052408513985768,45.76,2.18
369,"Richmond, VA Metro Area",171512,15819,11664,14411,40333,1307,80877,40060,82227,40333,47.94,23.52,"Richmond, VA",VA,High (40-49%),40060.0,1189.0,40060.0,-1.119644,3,22.939999999999998,66.8,118.0,9.92,12.052408513985768,45.93,2.01
370,"Riverside-San Bernardino-Ontario, CA Metro Area",492978,46819,34765,51788,137534,1643,81041,40140,270906,137534,54.95,27.9,"Riverside-San Bernardino-Ontario, CA",CA,Very High (50%+),40140.0,1509.0,40140.0,0.79095155,18,29.950000000000003,87.22,134.0,8.88,13.108219827282664,52.0,2.95
371,"Roanoke, VA Metro Area",40109,2759,2020,3834,7951,949,65687,40220,16564,7951,41.3,19.82,"Roanoke, VA",VA,High (40-49%),40220.0,879.0,40220.0,0.12865059,2,16.299999999999997,47.47,70.0,7.96,10.59935602701476,42.2,-0.9
372,"Rochester, MN Metro Area",23496,2560,1625,1420,4697,1115,86788,40340,10302,4697,43.85,19.99,"Rochester, MN",MN,High (40-49%),40340.0,1094.0,40340.0,0.75845927,3,18.85,54.89,21.0,1.92,10.064585472878456,42.55,1.3
373,"Rochester, NY Metro Area",146380,12720,8620,11949,37430,1056,71349,40380,70719,37430,48.31,25.57,"Rochester, NY",NY,High (40-49%),40380.0,1039.0,40380.0,-0.39633718,26,23.310000000000002,67.88,17.0,1.64,11.893961259155217,48.47,-0.16
374,"Rockford, IL Metro Area",42628,3461,2190,3726,9879,941,63834,40420,19256,9879,45.17,23.17,"Rockford, IL",IL,High (40-49%),40420.0,836.0,40420.0,-0.4578778,2,20.17,58.74,105.0,12.56,10.660266593340847,45.43,-0.26
375,"Rocky Mount, NC Metro Area",20627,1597,1338,1298,4109,852,53553,40580,8342,4109,40.44,19.92,"Rocky Mount, NC",NC,High (40-49%),40580.0,813.0,40580.0,-0.687109,2,15.439999999999998,44.96,39.0,4.8,9.934356176198595,41.63,-1.19
377,"Sacramento-Roseville-Folsom, CA Metro Area",329482,29014,23277,32272,87469,1633,89227,40900,172032,87469,52.21,26.55,"Sacramento-Roseville-Folsom, CA",CA,Very High (50%+),40900.0,1543.0,40900.0,0.79927766,8,27.21,79.24,90.0,5.83,12.705277003207941,50.44,1.77
378,"Sacramento-Roseville-Folsom, CA Metro Area",329482,29014,23277,32272,87469,1633,89227,40900,172032,87469,52.21,26.55,"Sacramento-Roseville-Folsom, CA",CA,Very High (50%+),40900.0,1684.0,40900.0,0.79927766,8,27.21,79.24,-51.0,-3.03,12.705277003207941,50.46,1.75
379,"Saginaw, MI Metro Area",21260,2234,1174,1924,5279,876,56579,40980,10611,5279,49.91,24.83,"Saginaw, MI",MI,High (40-49%),40980.0,833.0,40980.0,-1.0863793,1,24.909999999999997,72.54,43.0,5.16,9.964582651895938,46.61,3.3
380,"St. Cloud, MN Metro Area",25160,1429,1347,1906,5495,956,72564,41060,10177,5495,40.45,21.84,"St. Cloud, MN",MN,High (40-49%),41060.0,886.0,41060.0,-0.5847448,4,15.450000000000003,44.99,70.0,7.9,10.133010710814377,43.78,-3.33
381,"St. George, UT Metro Area",17674,1679,1508,1478,3628,1321,71976,41100,8293,3628,46.92,20.53,"St. George, UT",UT,High (40-49%),41100.0,1089.0,41100.0,0.25343552,1,21.92,63.83,232.0,21.3,9.77984991207795,42.7,4.22
382,"St. Joseph, MO-KS Metro Area",15362,1347,677,918,3250,846,61030,41140,6192,3250,40.31,21.16,"St. Joseph, MO-KS",MO,High (40-49%),41140.0,824.0,41140.0,-1.1899335,2,15.310000000000002,44.58,22.0,2.67,9.639652206558628,42.56,-2.25
383,"St. Louis, MO-IL Metro Area",346284,26810,19930,25892,74295,1033,75316,41180,146927,74295,42.43,21.45,"St. Louis, MO-IL",MO,High (40-49%),41180.0,947.0,41180.0,-0.48472542,37,17.43,50.76,86.0,9.08,12.755014526608726,44.34,-1.91
384,"Salem, OR Metro Area",58447,5140,4327,4820,14673,1227,72154,41420,28960,14673,49.55,25.1,"Salem, OR",OR,High (40-49%),41420.0,1132.0,41420.0,0.35916686,6,24.549999999999997,71.49,95.0,8.39,10.975875639663405,48.05,1.5
385,"Salinas, CA Metro Area",62614,6421,4611,6242,15497,1873,91043,41500,32771,15497,52.34,24.75,"Salinas, CA",CA,Very High (50%+),41500.0,1967.0,41500.0,-0.3574593,4,27.340000000000003,79.62,-94.0,-4.78,11.04474417425653,47.34,5.0
386,"Salisbury, MD-DE Metro Area",42856,3526,3058,3945,10236,1154,72964,41540,20765,10236,48.45,23.88,"Salisbury, MD-DE",MD,High (40-49%),41540.0,1037.0,41540.0,0.15594037,3,23.450000000000003,68.29,117.0,11.28,10.665600937560797,46.53,1.92
387,"Salt Lake City, UT Metro Area",137891,13434,8946,12460,27355,1386,90277,41620,62195,27355,45.1,19.84,"Salt Lake City, UT",UT,High (40-49%),41620.0,1327.0,41620.0,0.6117112,5,20.1,58.53,59.0,4.45,11.834218796967008,42.93,2.17
388,"San Angelo, TX Metro Area",14909,1110,1107,1462,2861,1024,66832,41660,6540,2861,43.87,19.19,"San Angelo, TX",TX,High (40-49%),41660.0,992.0,41660.0,-1.20454,1,18.869999999999997,54.95,32.0,3.23,9.6097203364284,40.46,3.41
389,"San Angelo, TX Metro Area",14909,1110,1107,1462,2861,1024,66832,41660,6540,2861,43.87,19.19,"San Angelo, TX",TX,High (40-49%),41660.0,992.0,41660.0,-1.20454,1,18.869999999999997,54.95,32.0,3.23,9.6097203364284,40.46,3.41
390,"San Antonio-New Braunfels, TX Metro Area",345256,30254,24213,31313,79082,1219,70910,41700,164862,79082,47.75,22.91,"San Antonio-New Braunfels, TX",TX,High (40-49%),41700.0,1165.0,41700.0,0.14420111,10,22.75,66.25,54.0,4.64,12.752041449831609,46.25,1.5
391,"San Diego-Chula Vista-Carlsbad, CA Metro Area",525840,48900,37001,53307,148226,2011,96974,41740,287434,148226,54.66,28.19,"San Diego-Chula Vista-Carlsbad, CA",CA,Very High (50%+),41740.0,2232.0,41740.0,0.79545456,7,29.659999999999997,86.37,-221.0,-9.9,13.172752262937458,52.38,2.28
392,"San Francisco-Oakland-Berkeley, CA Metro Area",768461,61754,43933,63770,172433,2336,129315,41860,341890,172433,44.49,22.44,"San Francisco-Oakland-Berkeley, CA",CA,High (40-49%),41860.0,2274.0,41860.0,1.3353754,18,19.490000000000002,56.76,62.0,2.73,13.552145092462254,46.69,-2.2
393,"San Francisco-Oakland-Berkeley, CA Metro Area",768461,61754,43933,63770,172433,2336,129315,41860,341890,172433,44.49,22.44,"San Francisco-Oakland-Berkeley, CA",CA,High (40-49%),41860.0,3198.0,41860.0,1.3353754,18,19.490000000000002,56.76,-862.0,-26.95,13.552145092462254,46.77,-2.28
394,"San Jose-Sunnyvale-Santa Clara, CA Metro Area",295566,24884,19031,23521,59497,2697,151713,41940,126933,59497,42.95,20.13,"San Jose-Sunnyvale-Santa Clara, CA",CA,High (40-49%),41940.0,2868.0,41940.0,0.9425575,6,17.950000000000003,52.27,-171.0,-5.96,12.596647441143142,43.72,-0.77
395,"San Luis Obispo-Paso Robles, CA Metro Area",41068,3847,2794,4031,11181,1800,90158,42020,21853,11181,53.21,27.23,"San Luis Obispo-Paso Robles, CA",CA,Very High (50%+),42020.0,1890.0,42020.0,2.0441725,2,28.21,82.15,-90.0,-4.76,10.622984508418856,51.14,2.07
397,"Santa Fe, NM Metro Area",19336,1423,921,1731,4657,1252,70522,42140,8732,4657,45.16,24.08,"Santa Fe, NM",NM,High (40-49%),42140.0,1113.0,42140.0,0.7938946,1,20.159999999999997,58.71,139.0,12.49,9.869723922383319,46.81,-1.65
398,"Santa Maria-Santa Barbara, CA Metro Area",69864,6462,5195,6874,19113,1964,92332,42200,37644,19113,53.88,27.36,"Santa Maria-Santa Barbara, CA",CA,Very High (50%+),42200.0,2516.0,42200.0,1.603167,2,28.880000000000003,84.1,-552.0,-21.94,11.154305774093569,51.26,2.62
399,"Santa Rosa-Petaluma, CA Metro Area",72732,7163,5027,6835,18407,2029,99266,42220,37432,18407,51.47,25.31,"Santa Rosa-Petaluma, CA",CA,Very High (50%+),42220.0,2038.0,42220.0,1.6938442,5,26.47,77.08,-9.0,-0.44,11.194536731739285,49.1,2.37
401,"Scranton--Wilkes-Barre, PA Metro Area",76197,5539,3525,5162,16567,909,62318,42540,30793,16567,40.41,21.74,"Scranton--Wilkes-Barre, PA",PA,High (40-49%),42540.0,877.0,42540.0,0.09561222,10,15.409999999999997,44.87,32.0,3.65,11.241077370820976,44.45,-4.04
402,"Seattle-Tacoma-Bellevue, WA Metro Area",619164,58468,42264,52857,132625,1850,107206,42660,286214,132625,46.23,21.42,"Seattle-Tacoma-Bellevue, WA",WA,High (40-49%),42660.0,2044.0,42660.0,0.83632535,22,21.229999999999997,61.82,-194.0,-9.49,13.336125460032603,45.29,0.94
403,"Seattle-Tacoma-Bellevue, WA Metro Area",619164,58468,42264,52857,132625,1850,107206,42660,286214,132625,46.23,21.42,"Seattle-Tacoma-Bellevue, WA",WA,High (40-49%),42660.0,1484.0,42660.0,0.83632535,22,21.229999999999997,61.82,366.0,24.66,13.336125460032603,45.21,1.02
404,"Sebastian-Vero Beach, FL Metro Area",13031,850,740,1157,3724,1183,67543,42680,6471,3724,49.66,28.58,"Sebastian-Vero Beach, FL",FL,High (40-49%),42680.0,1135.0,42680.0,0.13436456,2,24.659999999999997,71.81,48.0,4.23,9.475086413144906,51.08,-1.42
406,"Sheboygan, WI Metro Area",13883,944,549,779,2029,863,68969,43100,4301,2029,30.98,14.61,"Sheboygan, WI",WI,Moderate (30-39%),43100.0,797.0,43100.0,0.07298529,3,5.98,17.41,66.0,8.28,9.538420349034803,36.28,-5.3
407,"Sherman-Denison, TX Metro Area",17130,1352,1196,1289,3531,1096,66608,43300,7368,3531,43.01,20.61,"Sherman-Denison, TX",TX,High (40-49%),43300.0,985.0,43300.0,-0.6253306,1,18.009999999999998,52.45,111.0,11.27,9.748586591318166,42.31,0.7
409,"Sierra Vista-Douglas, AZ Metro Area",14798,1382,1003,1213,2356,893,58421,43420,5954,2356,40.24,15.92,"Sierra Vista-Douglas, AZ",AZ,High (40-49%),43420.0,907.0,43420.0,0.10824707,2,15.240000000000002,44.38,-14.0,-1.54,9.602247315485496,37.73,2.51
410,"Sioux City, IA-NE-SD Metro Area",17967,1270,867,1185,3319,924,69065,43580,6641,3319,36.96,18.47,"Sioux City, IA-NE-SD",IA,Moderate (30-39%),43580.0,870.0,43580.0,-0.37939787,2,11.96,34.83,54.0,6.21,9.796292020932572,40.21,-3.25
412,"South Bend-Mishawaka, IN-MI Metro Area",38079,3056,2286,3284,8591,958,62448,43780,17217,8591,45.21,22.56,"South Bend-Mishawaka, IN-MI",IN,High (40-49%),43780.0,981.0,43780.0,-0.9211156,5,20.21,58.85,-23.0,-2.34,10.547418228056287,44.53,0.68
413,"Spartanburg, SC Metro Area",34114,2840,1941,2362,7442,960,61955,43900,14585,7442,42.75,21.82,"Spartanburg, SC",SC,High (40-49%),43900.0,864.0,43900.0,-1.0956825,1,17.75,51.69,96.0,11.11,10.437463136200819,43.57,-0.82
414,"Spokane-Spokane Valley, WA Metro Area",81144,7807,5520,7559,18306,1112,69752,44060,39192,18306,48.3,22.56,"Spokane-Spokane Valley, WA",WA,High (40-49%),44060.0,1033.0,44060.0,-0.7622214,3,23.299999999999997,67.85,79.0,7.65,11.303980633055831,44.86,3.44
415,"Springfield, IL Metro Area",26182,2128,1200,1700,5895,921,72445,44100,10923,5895,41.72,22.52,"Springfield, IL",IL,High (40-49%),44100.0,843.0,44100.0,-1.0686924,3,16.72,48.69,78.0,9.25,10.172827430740044,44.24,-2.52
416,"Springfield, MA Metro Area",98808,9663,6434,8431,24834,1095,70547,44140,49362,24834,49.96,25.13,"Springfield, MA",MA,High (40-49%),44140.0,1160.0,44140.0,0.35916662,5,24.96,72.68,-65.0,-5.6,11.50093385211785,48.3,1.66
417,"Springfield, MA Metro Area",98808,9663,6434,8431,24834,1095,70547,44140,49362,24834,49.96,25.13,"Springfield, MA",MA,High (40-49%),44140.0,1094.0,44140.0,0.35916662,5,24.96,72.68,1.0,0.09,11.50093385211785,48.28,1.68
418,"Springfield, MO Metro Area",72911,5759,4262,5848,15760,881,58291,44180,31629,15760,43.38,21.62,"Springfield, MO",MO,High (40-49%),44180.0,775.0,44180.0,-0.44656765,3,18.380000000000003,53.52,106.0,13.68,11.196994798246125,43.98,-0.6
419,"Springfield, OH Metro Area",17438,1503,942,1023,3204,820,58954,44220,6672,3204,38.26,18.37,"Springfield, OH",OH,Moderate (30-39%),44220.0,821.0,44220.0,-0.5078802,1,13.259999999999998,38.61,-1.0,-0.12,9.766407011987761,40.04,-1.78
420,"State College, PA Metro Area",21825,1439,1009,2098,7142,1118,70087,44300,11688,7142,53.55,32.72,"State College, PA",PA,Very High (50%+),44300.0,1212.0,44300.0,0.24567293,6,28.549999999999997,83.14,-94.0,-7.76,9.990811380707804,55.74,-2.19
422,"Stockton, CA Metro Area",95032,9453,6537,8762,22463,1542,82837,44700,47215,22463,49.68,23.64,"Stockton, CA",CA,High (40-49%),44700.0,1305.0,44700.0,1.4148539,3,24.68,71.87,237.0,18.16,11.461968955969375,47.23,2.45
425,"Syracuse, NY Metro Area",85007,6242,5083,5951,21666,978,70096,45060,38942,21666,45.81,25.49,"Syracuse, NY",NY,High (40-49%),45060.0,966.0,45060.0,0.38961628,11,20.810000000000002,60.6,12.0,1.24,11.350488885022813,48.62,-2.81
426,"Tallahassee, FL Metro Area",64643,5053,3409,6128,18944,1127,59757,45220,33534,18944,51.88,29.31,"Tallahassee, FL",FL,Very High (50%+),45220.0,1124.0,45220.0,0.94859266,3,26.880000000000003,78.28,3.0,0.27,11.076635103009114,52.88,-1.0
427,"Tampa-St. Petersburg-Clearwater, FL Metro Area",423600,39039,29670,42687,106954,1377,67197,45300,218350,106954,51.55,25.25,"Tampa-St. Petersburg-Clearwater, FL",FL,Very High (50%+),45300.0,1347.0,45300.0,0.233791,8,26.549999999999997,77.32,30.0,2.23,12.956544892709388,48.85,2.7
430,"Texarkana, TX-AR Metro Area",18920,1465,1036,1838,3920,864,53628,45500,8259,3920,43.65,20.72,"Texarkana, TX-AR",TX,High (40-49%),45500.0,838.0,45500.0,-1.7422966,1,18.65,54.31,26.0,3.1,9.847974842605868,41.86,1.79
432,"Toledo, OH Metro Area",95327,6888,4923,6766,19903,880,61620,45780,38480,19903,40.37,20.88,"Toledo, OH",OH,High (40-49%),45780.0,785.0,45780.0,-1.4474312,3,15.369999999999997,44.76,95.0,12.1,11.46506836536064,42.75,-2.38
433,"Toledo, OH Metro Area",95327,6888,4923,6766,19903,880,61620,45780,38480,19903,40.37,20.88,"Toledo, OH",OH,High (40-49%),45780.0,806.0,45780.0,-1.4474312,3,15.369999999999997,44.76,74.0,9.18,11.46506836536064,42.75,-2.38
434,"Topeka, KS Metro Area",28749,2116,1488,2726,5964,921,65665,45820,12294,5964,42.76,20.75,"Topeka, KS",KS,High (40-49%),45820.0,844.0,45820.0,-0.63941747,1,17.759999999999998,51.72,77.0,9.12,10.266358263011872,42.64,0.12
435,"Trenton-Princeton, NJ Metro Area",51914,4510,3141,4461,13043,1454,92697,45940,25155,13043,48.46,25.12,"Trenton-Princeton, NJ",NJ,High (40-49%),45940.0,1613.0,45940.0,2.0974264,2,23.46,68.32,-159.0,-9.86,10.857343782296425,49.03,-0.57
436,"Tucson, AZ Metro Area",151698,13640,9249,13630,35088,1071,64323,46060,71607,35088,47.2,23.13,"Tucson, AZ",AZ,High (40-49%),46060.0,1001.0,46060.0,0.5492099,3,22.200000000000003,64.65,70.0,6.99,11.929646981334091,46.41,0.79
437,"Tulsa, OK Metro Area",135897,10729,8290,10341,25197,982,65784,46140,54557,25197,40.15,18.54,"Tulsa, OK",OK,High (40-49%),46140.0,925.0,46140.0,-0.41389772,6,15.149999999999999,44.12,57.0,6.16,11.81965252484039,40.98,-0.83
438,"Tuscaloosa, AL Metro Area",35757,2822,1768,3298,8810,944,58132,46220,16698,8810,46.7,24.64,"Tuscaloosa, AL",AL,High (40-49%),46220.0,705.0,46220.0,-0.44419038,1,21.700000000000003,63.19,239.0,33.9,10.484501333150819,46.88,-0.18
439,"Tuscaloosa, AL Metro Area",35757,2822,1768,3298,8810,944,58132,46220,16698,8810,46.7,24.64,"Tuscaloosa, AL",AL,High (40-49%),46220.0,927.0,46220.0,-0.44419038,1,21.700000000000003,63.19,17.0,1.83,10.484501333150819,46.96,-0.26
441,"Tyler, TX Metro Area",25423,1927,1496,2001,4942,1129,69053,46340,10366,4942,40.77,19.44,"Tyler, TX",TX,High (40-49%),46340.0,1037.0,46340.0,-0.25929895,1,15.770000000000003,45.92,92.0,8.87,10.143409555089155,41.42,-0.65
443,"Utica-Rome, NY Metro Area",35706,2823,1852,2215,7846,868,66823,46540,14736,7846,41.27,21.97,"Utica-Rome, NY",NY,High (40-49%),46540.0,863.0,46540.0,-0.1453862,3,16.270000000000003,47.38,5.0,0.58,10.483074020872907,44.3,-3.03
445,"Vallejo, CA Metro Area",57295,5608,4096,5283,14786,1981,97037,46700,29773,14786,51.96,25.81,"Vallejo, CA",CA,Very High (50%+),46700.0,1677.0,46700.0,1.5501411,2,26.96,78.51,304.0,18.13,10.955968638860549,49.42,2.54
448,"Virginia Beach-Norfolk-Newport News, VA-NC Metro Area",262740,24199,18368,25039,61998,1341,77082,47260,129604,61998,49.33,23.6,"Virginia Beach-Norfolk-Newport News, VA-NC",VA,High (40-49%),47260.0,982.0,47260.0,0.4768122,3,24.33,70.85,359.0,36.56,12.4789202290235,46.99,2.34
449,"Visalia, CA Metro Area",58592,4474,3381,5589,13911,1137,64474,47300,27355,13911,46.69,23.74,"Visalia, CA",CA,High (40-49%),47300.0,1005.0,47300.0,-0.33290827,1,21.689999999999998,63.16,132.0,13.13,10.978353447474237,46.21,0.48
450,"Waco, TX Metro Area",39586,3117,2770,3268,10549,1042,59193,47380,19704,10549,49.78,26.65,"Waco, TX",TX,High (40-49%),47380.0,915.0,47380.0,0.012394819,2,24.78,72.16,127.0,13.88,10.586230799380681,49.34,0.44
452,"Warner Robins, GA Metro Area",23196,1935,1200,2579,4038,1059,73788,47580,9752,4038,42.04,17.41,"Warner Robins, GA",GA,High (40-49%),47580.0,974.0,47580.0,0.22321194,1,17.04,49.62,85.0,8.73,10.05173512899633,39.51,2.53
453,"Washington-Arlington-Alexandria, DC-VA-MD-WV Metro Area",853416,75905,55794,68817,185597,1904,119803,47900,386113,185597,45.24,21.75,"Washington-Arlington-Alexandria, DC-VA-MD-WV",DC,High (40-49%),47900.0,936.0,47900.0,0.6626216,16,20.240000000000002,58.94,968.0,103.42,13.657002398095555,45.39,-0.15
454,"Washington-Arlington-Alexandria, DC-VA-MD-WV Metro Area",853416,75905,55794,68817,185597,1904,119803,47900,386113,185597,45.24,21.75,"Washington-Arlington-Alexandria, DC-VA-MD-WV",DC,High (40-49%),47900.0,957.0,47900.0,0.6626216,16,20.240000000000002,58.94,947.0,98.96,13.657002398095555,45.4,-0.16
455,"Washington-Arlington-Alexandria, DC-VA-MD-WV Metro Area",853416,75905,55794,68817,185597,1904,119803,47900,386113,185597,45.24,21.75,"Washington-Arlington-Alexandria, DC-VA-MD-WV",DC,High (40-49%),47900.0,1031.0,47900.0,0.6626216,16,20.240000000000002,58.94,873.0,84.68,13.657002398095555,45.43,-0.19
456,"Washington-Arlington-Alexandria, DC-VA-MD-WV Metro Area",853416,75905,55794,68817,185597,1904,119803,47900,386113,185597,45.24,21.75,"Washington-Arlington-Alexandria, DC-VA-MD-WV",DC,High (40-49%),47900.0,1785.0,47900.0,0.6626216,16,20.240000000000002,58.94,119.0,6.67,13.657002398095555,45.62,-0.38
457,"Waterloo-Cedar Falls, IA Metro Area",21074,1519,1357,1352,5407,916,66732,47940,9635,5407,45.72,25.66,"Waterloo-Cedar Falls, IA",IA,High (40-49%),47940.0,889.0,47940.0,0.28970194,3,20.72,60.34,27.0,3.04,9.955795332159473,48.25,-2.53
458,"Watertown-Fort Drum, NY Metro Area",20976,1864,1247,1974,4037,1143,62782,48060,9122,4037,43.49,19.25,"Watertown-Fort Drum, NY",NY,High (40-49%),48060.0,1183.0,48060.0,-1.2039148,4,18.490000000000002,53.84,-40.0,-3.38,9.95113420600348,40.66,2.83
459,"Wausau-Weston, WI Metro Area",17934,1829,1137,1618,2845,876,71675,48140,7429,2845,41.42,15.86,"Wausau-Weston, WI",WI,High (40-49%),48140.0,757.0,48140.0,-0.4637705,3,16.42,47.82,119.0,15.72,9.794453631511994,37.38,4.04
460,"Wausau-Weston, WI Metro Area",17934,1829,1137,1618,2845,876,71675,48140,7429,2845,41.42,15.86,"Wausau-Weston, WI",WI,High (40-49%),48140.0,838.0,48140.0,-0.4637705,3,16.42,47.82,38.0,4.53,9.794453631511994,37.41,4.01
461,"Weirton-Steubenville, WV-OH Metro Area",13662,912,553,902,2661,720,54142,48260,5028,2661,36.8,19.48,"Weirton-Steubenville, WV-OH",WV,Moderate (30-39%),48260.0,738.0,48260.0,-0.68542224,3,11.799999999999997,34.36,-18.0,-2.44,9.522373535291795,41.03,-4.23
462,"Wenatchee, WA Metro Area",15770,1014,720,1109,2745,1156,75185,48300,5588,2745,35.43,17.41,"Wenatchee, WA",WA,Moderate (30-39%),48300.0,1126.0,48300.0,0.4520591,1,10.43,30.37,30.0,2.66,9.665864679957084,39.51,-4.08
463,"Wheeling, WV-OH Metro Area",14603,1177,739,946,3081,765,56691,48540,5943,3081,40.7,21.1,"Wheeling, WV-OH",WV,High (40-49%),48540.0,762.0,48540.0,-0.38604465,1,15.700000000000003,45.72,3.0,0.39,9.588982266040471,42.93,-2.23
464,"Wichita, KS Metro Area",87340,7283,4932,6745,16942,931,66643,48620,35902,16942,41.11,19.4,"Wichita, KS",KS,High (40-49%),48620.0,823.0,48620.0,-0.2635061,9,16.11,46.91,108.0,13.12,11.377563827039552,41.8,-0.69
465,"Wichita Falls, TX Metro Area",20464,1422,1418,1493,3653,929,60641,48660,7986,3653,39.02,17.85,"Wichita Falls, TX",TX,Moderate (30-39%),48660.0,878.0,48660.0,-0.44759196,1,14.020000000000003,40.83,51.0,5.81,9.926422523818625,39.56,-0.54
468,"Winchester, VA-WV Metro Area",15357,1482,1028,957,2702,1246,79416,49020,6169,2702,40.17,17.59,"Winchester, VA-WV",VA,High (40-49%),49020.0,1117.0,49020.0,-0.46850076,1,15.170000000000002,44.18,129.0,11.55,9.639326675125693,39.16,1.01
469,"Winston-Salem, NC Metro Area",87505,7394,5271,6339,18907,912,60145,49180,37911,18907,43.32,21.61,"Winston-Salem, NC",NC,High (40-49%),49180.0,808.0,49180.0,-0.23962598,5,18.32,53.35,104.0,12.87,11.379451213570258,44.15,-0.83
470,"Worcester, MA-CT Metro Area",126746,12523,7758,10102,27763,1241,86708,49340,58146,27763,45.88,21.9,"Worcester, MA-CT",MA,High (40-49%),49340.0,1397.0,49340.0,-0.25946873,16,20.880000000000003,60.8,-156.0,-11.17,11.749940362770054,44.64,1.24
471,"Worcester, MA-CT Metro Area",126746,12523,7758,10102,27763,1241,86708,49340,58146,27763,45.88,21.9,"Worcester, MA-CT",MA,High (40-49%),49340.0,1146.0,49340.0,-0.25946873,16,20.880000000000003,60.8,95.0,8.29,11.749940362770054,44.59,1.29
472,"Worcester, MA-CT Metro Area",126746,12523,7758,10102,27763,1241,86708,49340,58146,27763,45.88,21.9,"Worcester, MA-CT",MA,High (40-49%),49340.0,1491.0,49340.0,-0.25946873,16,20.880000000000003,60.8,-250.0,-16.77,11.749940362770054,44.65,1.23
473,"Yakima, WA Metro Area",32234,2604,2004,1976,6644,1010,64910,49420,13228,6644,41.04,20.61,"Yakima, WA",WA,High (40-49%),49420.0,1050.0,49420.0,0.082594454,2,16.04,46.71,-40.0,-3.81,10.380777075082664,42.96,-1.92
474,"York-Hanover, PA Metro Area",43622,3951,2887,4161,8776,1094,79183,49620,19775,8776,45.33,20.12,"York-Hanover, PA",PA,High (40-49%),49620.0,1024.0,49620.0,0.20840035,7,20.33,59.2,70.0,6.84,10.683316889231797,42.59,2.74
475,"Youngstown-Warren-Boardman, OH-PA Metro Area",66232,4622,3767,6057,13791,754,54650,49660,28237,13791,42.63,20.82,"Youngstown-Warren-Boardman, OH-PA",OH,High (40-49%),49660.0,757.0,49660.0,0.7418367,10,17.630000000000003,51.34,-3.0,-0.4,11.100919008818641,43.79,-1.16
476,"Youngstown-Warren-Boardman, OH-PA Metro Area",66232,4622,3767,6057,13791,754,54650,49660,28237,13791,42.63,20.82,"Youngstown-Warren-Boardman, OH-PA",OH,High (40-49%),49660.0,738.0,49660.0,0.7418367,10,17.630000000000003,51.34,16.0,2.17,11.100919008818641,43.79,-1.16
477,"Yuba City, CA Metro Area",24000,2597,1449,2554,4862,1218,70176,49700,11462,4862,47.76,20.26,"Yuba City, CA",CA,High (40-49%),49700.0,1173.0,49700.0,-0.6347493,1,22.759999999999998,66.28,45.0,3.84,10.085809109330082,42.07,5.69
